{
  "lookback": 60,
  "horizon": 252,
  "stride": 5,
  "epochs": 20,
  "lr": 0.004143920948035798,
  "hidden": 128,
  "n_layers": 3,
  "dropout": 0.35000000000000003,
  "batch_size": 64,
  "weight_decay": 1.2344229198602196e-06,
  "entropy_bonus": 0.0,
  "early_stop_patience": 10,
  "seed": 1979
}