{
  "lookback": 60,
  "horizon": 63,
  "stride": 5,
  "epochs": 50,
  "lr": 0.003977868931195043,
  "hidden": 256,
  "n_layers": 2,
  "dropout": 0.30000000000000004,
  "batch_size": 128,
  "weight_decay": 1.3369778573467004e-06,
  "entropy_bonus": 0.05,
  "early_stop_patience": 6,
  "seed": 561
}