{
  "lookback": 60,
  "horizon": 63,
  "stride": 5,
  "epochs": 40,
  "lr": 0.0005988723037451655,
  "hidden": 64,
  "n_layers": 3,
  "dropout": 0.35000000000000003,
  "batch_size": 64,
  "weight_decay": 1.0450899929080383e-05,
  "entropy_bonus": 0.05,
  "early_stop_patience": 10,
  "seed": 4040
}