{
  "lookback": 60,
  "horizon": 252,
  "stride": 10,
  "epochs": 40,
  "lr": 0.0017292054973394126,
  "hidden": 256,
  "n_layers": 2,
  "dropout": 0.35000000000000003,
  "batch_size": 128,
  "weight_decay": 7.372428828256502e-05,
  "entropy_bonus": 0.05,
  "early_stop_patience": 6,
  "seed": 6933
}