{
  "lookback": 60,
  "horizon": 252,
  "stride": 5,
  "epochs": 60,
  "lr": 0.0024673744810930053,
  "hidden": 256,
  "n_layers": 2,
  "dropout": 0.35000000000000003,
  "batch_size": 32,
  "weight_decay": 1.6714708492703937e-06,
  "entropy_bonus": 0.05,
  "early_stop_patience": 6,
  "seed": 2180
}