{
  "lookback": 60,
  "horizon": 252,
  "stride": 5,
  "epochs": 40,
  "lr": 0.0047263569744985445,
  "hidden": 192,
  "n_layers": 1,
  "dropout": 0.35000000000000003,
  "batch_size": 128,
  "weight_decay": 1.1355542811839843e-06,
  "entropy_bonus": 0.05,
  "early_stop_patience": 6,
  "seed": 944
}