{
  "lookback": 60,
  "horizon": 252,
  "stride": 5,
  "epochs": 40,
  "lr": 0.0016506051431385705,
  "hidden": 192,
  "n_layers": 3,
  "dropout": 0.25,
  "batch_size": 32,
  "weight_decay": 3.1597253178087676e-06,
  "entropy_bonus": 0.01,
  "early_stop_patience": 6,
  "seed": 5443
}