{
  "lookback": 60,
  "horizon": 252,
  "stride": 5,
  "epochs": 60,
  "lr": 0.0032268302411694425,
  "hidden": 256,
  "n_layers": 2,
  "dropout": 0.2,
  "batch_size": 32,
  "weight_decay": 1.2937299097858704e-06,
  "entropy_bonus": 0.05,
  "early_stop_patience": 6,
  "seed": 2679
}