{
  "lookback": 60,
  "horizon": 252,
  "stride": 5,
  "epochs": 80,
  "lr": 0.0026289915477574915,
  "hidden": 128,
  "n_layers": 3,
  "dropout": 0.05,
  "batch_size": 32,
  "weight_decay": 3.6726246933452995e-05,
  "entropy_bonus": 0.04,
  "early_stop_patience": 10,
  "seed": 5004
}