{
  "lookback": 60,
  "horizon": 63,
  "stride": 5,
  "epochs": 50,
  "lr": 0.00027804007180058074,
  "hidden": 256,
  "n_layers": 2,
  "dropout": 0.30000000000000004,
  "batch_size": 128,
  "weight_decay": 1.2983651246561361e-06,
  "entropy_bonus": 0.05,
  "early_stop_patience": 6,
  "seed": 1485
}