{
  "lookback": 60,
  "horizon": 252,
  "stride": 5,
  "epochs": 20,
  "lr": 0.0029182140415472237,
  "hidden": 192,
  "n_layers": 3,
  "dropout": 0.35000000000000003,
  "batch_size": 32,
  "weight_decay": 3.1060064407304237e-06,
  "entropy_bonus": 0.0,
  "early_stop_patience": 6,
  "seed": 6537
}