{
  "lookback": 60,
  "horizon": 63,
  "stride": 5,
  "epochs": 30,
  "lr": 0.003973853712443317,
  "hidden": 192,
  "n_layers": 3,
  "dropout": 0.30000000000000004,
  "batch_size": 32,
  "weight_decay": 1.1256515618783054e-06,
  "entropy_bonus": 0.0,
  "early_stop_patience": 6,
  "seed": 5558
}