{
  "lookback": 60,
  "horizon": 252,
  "stride": 5,
  "epochs": 30,
  "lr": 0.001960647739309915,
  "hidden": 192,
  "n_layers": 3,
  "dropout": 0.2,
  "batch_size": 32,
  "weight_decay": 0.00037021850055542687,
  "entropy_bonus": 0.0,
  "early_stop_patience": 6,
  "seed": 8082
}