{
  "lookback": 60,
  "horizon": 252,
  "stride": 5,
  "epochs": 60,
  "lr": 0.004403751691072291,
  "hidden": 256,
  "n_layers": 2,
  "dropout": 0.30000000000000004,
  "batch_size": 32,
  "weight_decay": 1.6389603780338484e-06,
  "entropy_bonus": 0.05,
  "early_stop_patience": 6,
  "seed": 5475
}