{
  "lookback": 60,
  "horizon": 252,
  "stride": 5,
  "epochs": 40,
  "lr": 0.004091274901295886,
  "hidden": 256,
  "n_layers": 2,
  "dropout": 0.35000000000000003,
  "batch_size": 64,
  "weight_decay": 1.0103504824559212e-06,
  "entropy_bonus": 0.05,
  "early_stop_patience": 6,
  "seed": 2691
}