{
  "lookback": 60,
  "horizon": 252,
  "stride": 10,
  "epochs": 20,
  "lr": 0.0014940585897100394,
  "hidden": 192,
  "n_layers": 2,
  "dropout": 0.15000000000000002,
  "batch_size": 64,
  "weight_decay": 8.889999814385946e-06,
  "entropy_bonus": 0.04,
  "early_stop_patience": 6,
  "seed": 6760
}