{
  "lookback": 60,
  "horizon": 252,
  "stride": 10,
  "epochs": 70,
  "lr": 0.0005397854284453873,
  "hidden": 192,
  "n_layers": 1,
  "dropout": 0.25,
  "batch_size": 64,
  "weight_decay": 4.2471863574804176e-05,
  "entropy_bonus": 0.03,
  "early_stop_patience": 6,
  "seed": 9480
}