{
  "lookback": 60,
  "horizon": 252,
  "stride": 5,
  "epochs": 40,
  "lr": 0.00014729332289837555,
  "hidden": 256,
  "n_layers": 3,
  "dropout": 0.05,
  "batch_size": 32,
  "weight_decay": 0.0001693031788239352,
  "entropy_bonus": 0.04,
  "early_stop_patience": 6,
  "seed": 5744
}