{
  "lookback": 60,
  "horizon": 252,
  "stride": 5,
  "epochs": 30,
  "lr": 0.003250546447364561,
  "hidden": 128,
  "n_layers": 2,
  "dropout": 0.2,
  "batch_size": 64,
  "weight_decay": 8.07948570401122e-05,
  "entropy_bonus": 0.04,
  "early_stop_patience": 10,
  "seed": 4424
}