{
  "lookback": 60,
  "horizon": 252,
  "stride": 5,
  "epochs": 40,
  "lr": 0.004920286531580156,
  "hidden": 256,
  "n_layers": 2,
  "dropout": 0.25,
  "batch_size": 64,
  "weight_decay": 2.3922730847286234e-06,
  "entropy_bonus": 0.05,
  "early_stop_patience": 6,
  "seed": 1558
}