{
  "lookback": 60,
  "horizon": 252,
  "stride": 10,
  "epochs": 40,
  "lr": 0.0040328852215733195,
  "hidden": 128,
  "n_layers": 3,
  "dropout": 0.15000000000000002,
  "batch_size": 32,
  "weight_decay": 2.912605993530881e-05,
  "entropy_bonus": 0.03,
  "early_stop_patience": 6,
  "seed": 7359
}