{
  "lookback": 60,
  "horizon": 252,
  "stride": 10,
  "epochs": 70,
  "lr": 0.004425628327324163,
  "hidden": 256,
  "n_layers": 2,
  "dropout": 0.25,
  "batch_size": 128,
  "weight_decay": 0.0006176252151363714,
  "entropy_bonus": 0.05,
  "early_stop_patience": 10,
  "seed": 4230
}