{
  "lookback": 60,
  "horizon": 252,
  "stride": 5,
  "epochs": 60,
  "lr": 0.000381265946180557,
  "hidden": 192,
  "n_layers": 2,
  "dropout": 0.05,
  "batch_size": 64,
  "weight_decay": 1.1930220880472108e-06,
  "entropy_bonus": 0.02,
  "early_stop_patience": 10,
  "seed": 7727
}