{
  "lookback": 60,
  "horizon": 252,
  "stride": 5,
  "epochs": 30,
  "lr": 0.0038641276517334426,
  "hidden": 128,
  "n_layers": 2,
  "dropout": 0.30000000000000004,
  "batch_size": 64,
  "weight_decay": 0.00013330033434986118,
  "entropy_bonus": 0.04,
  "early_stop_patience": 10,
  "seed": 7178
}