{
  "lookback": 60,
  "horizon": 252,
  "stride": 5,
  "epochs": 70,
  "lr": 0.003217109903007033,
  "hidden": 256,
  "n_layers": 2,
  "dropout": 0.2,
  "batch_size": 32,
  "weight_decay": 1.996049555709484e-06,
  "entropy_bonus": 0.05,
  "early_stop_patience": 6,
  "seed": 3690
}