{
  "lookback": 60,
  "horizon": 252,
  "stride": 10,
  "epochs": 50,
  "lr": 0.00454190797222257,
  "hidden": 64,
  "n_layers": 2,
  "dropout": 0.25,
  "batch_size": 32,
  "weight_decay": 1.3665122772546451e-06,
  "entropy_bonus": 0.05,
  "early_stop_patience": 6,
  "seed": 5056
}