{
  "lookback": 60,
  "horizon": 126,
  "stride": 10,
  "epochs": 60,
  "lr": 0.0015487891964011445,
  "hidden": 256,
  "n_layers": 2,
  "dropout": 0.2,
  "batch_size": 64,
  "weight_decay": 6.141294358251237e-06,
  "entropy_bonus": 0.04,
  "early_stop_patience": 6,
  "seed": 9919
}