{
  "lookback": 60,
  "horizon": 252,
  "stride": 5,
  "epochs": 20,
  "lr": 0.0049675902957802415,
  "hidden": 192,
  "n_layers": 3,
  "dropout": 0.4,
  "batch_size": 32,
  "weight_decay": 3.510549532326236e-06,
  "entropy_bonus": 0.01,
  "early_stop_patience": 6,
  "seed": 4006
}