{
  "lookback": 60,
  "horizon": 252,
  "stride": 5,
  "epochs": 40,
  "lr": 0.004365888279215294,
  "hidden": 256,
  "n_layers": 2,
  "dropout": 0.30000000000000004,
  "batch_size": 64,
  "weight_decay": 1.0108659417068837e-06,
  "entropy_bonus": 0.05,
  "early_stop_patience": 6,
  "seed": 2279
}