{
  "lookback": 60,
  "horizon": 252,
  "stride": 10,
  "epochs": 70,
  "lr": 0.003192430026611681,
  "hidden": 192,
  "n_layers": 1,
  "dropout": 0.1,
  "batch_size": 64,
  "weight_decay": 2.6290799075909046e-05,
  "entropy_bonus": 0.04,
  "early_stop_patience": 6,
  "seed": 9626
}