{
  "lookback": 60,
  "horizon": 252,
  "stride": 5,
  "epochs": 50,
  "lr": 0.003035964026923233,
  "hidden": 256,
  "n_layers": 2,
  "dropout": 0.1,
  "batch_size": 32,
  "weight_decay": 2.0339627339569433e-06,
  "entropy_bonus": 0.05,
  "early_stop_patience": 6,
  "seed": 5429
}