{
  "lookback": 60,
  "horizon": 252,
  "stride": 10,
  "epochs": 30,
  "lr": 0.000747599299995651,
  "hidden": 192,
  "n_layers": 1,
  "dropout": 0.4,
  "batch_size": 32,
  "weight_decay": 1.9634341572933354e-06,
  "entropy_bonus": 0.04,
  "early_stop_patience": 6,
  "seed": 4952
}