{
  "lookback": 60,
  "horizon": 252,
  "stride": 10,
  "epochs": 40,
  "lr": 0.0034545437820425154,
  "hidden": 256,
  "n_layers": 2,
  "dropout": 0.30000000000000004,
  "batch_size": 128,
  "weight_decay": 1.1254321011106362e-06,
  "entropy_bonus": 0.05,
  "early_stop_patience": 10,
  "seed": 1425
}