{
  "lookback": 60,
  "horizon": 252,
  "stride": 5,
  "epochs": 40,
  "lr": 0.0037414942313819715,
  "hidden": 256,
  "n_layers": 3,
  "dropout": 0.1,
  "batch_size": 128,
  "weight_decay": 0.0006806522236144954,
  "entropy_bonus": 0.0,
  "early_stop_patience": 6,
  "seed": 6114
}