{
  "lookback": 60,
  "horizon": 252,
  "stride": 10,
  "epochs": 40,
  "lr": 0.004692274883049626,
  "hidden": 192,
  "n_layers": 2,
  "dropout": 0.2,
  "batch_size": 32,
  "weight_decay": 1.8430352748401716e-06,
  "entropy_bonus": 0.05,
  "early_stop_patience": 10,
  "seed": 1621
}