{
  "lookback": 60,
  "horizon": 252,
  "stride": 5,
  "epochs": 70,
  "lr": 0.004041942060561518,
  "hidden": 256,
  "n_layers": 2,
  "dropout": 0.15000000000000002,
  "batch_size": 128,
  "weight_decay": 1.6123302329142626e-06,
  "entropy_bonus": 0.05,
  "early_stop_patience": 6,
  "seed": 254
}