{
  "lookback": 60,
  "horizon": 126,
  "stride": 5,
  "epochs": 40,
  "lr": 0.004400056370267077,
  "hidden": 128,
  "n_layers": 2,
  "dropout": 0.30000000000000004,
  "batch_size": 128,
  "weight_decay": 0.00027492214302590913,
  "entropy_bonus": 0.05,
  "early_stop_patience": 6,
  "seed": 1220
}