{
  "lookback": 60,
  "horizon": 252,
  "stride": 5,
  "epochs": 30,
  "lr": 0.0030741790526086442,
  "hidden": 192,
  "n_layers": 3,
  "dropout": 0.0,
  "batch_size": 32,
  "weight_decay": 4.9683080124880043e-05,
  "entropy_bonus": 0.04,
  "early_stop_patience": 6,
  "seed": 6232
}