{
  "lookback": 60,
  "horizon": 252,
  "stride": 5,
  "epochs": 20,
  "lr": 0.003231455346288582,
  "hidden": 192,
  "n_layers": 3,
  "dropout": 0.4,
  "batch_size": 32,
  "weight_decay": 1.0311018519334587e-06,
  "entropy_bonus": 0.0,
  "early_stop_patience": 6,
  "seed": 5975
}