{
  "lookback": 60,
  "horizon": 126,
  "stride": 5,
  "epochs": 50,
  "lr": 0.003630122924408325,
  "hidden": 256,
  "n_layers": 2,
  "dropout": 0.15000000000000002,
  "batch_size": 64,
  "weight_decay": 1.717945542065184e-06,
  "entropy_bonus": 0.05,
  "early_stop_patience": 10,
  "seed": 2948
}