{
  "lookback": 60,
  "horizon": 63,
  "stride": 5,
  "epochs": 30,
  "lr": 0.003613216598541255,
  "hidden": 192,
  "n_layers": 3,
  "dropout": 0.25,
  "batch_size": 32,
  "weight_decay": 4.8009197512558914e-06,
  "entropy_bonus": 0.0,
  "early_stop_patience": 6,
  "seed": 7783
}