{
  "lookback": 60,
  "horizon": 63,
  "stride": 10,
  "epochs": 70,
  "lr": 0.004452360771482319,
  "hidden": 192,
  "n_layers": 1,
  "dropout": 0.2,
  "batch_size": 128,
  "weight_decay": 1.3552906869901837e-05,
  "entropy_bonus": 0.05,
  "early_stop_patience": 10,
  "seed": 9958
}