{
  "lookback": 60,
  "horizon": 126,
  "stride": 5,
  "epochs": 70,
  "lr": 0.001008371028617809,
  "hidden": 256,
  "n_layers": 1,
  "dropout": 0.25,
  "batch_size": 64,
  "weight_decay": 4.489893325327623e-06,
  "entropy_bonus": 0.05,
  "early_stop_patience": 10,
  "seed": 6259
}