{
  "lookback": 60,
  "horizon": 252,
  "stride": 10,
  "epochs": 60,
  "lr": 0.0018347768590973473,
  "hidden": 192,
  "n_layers": 1,
  "dropout": 0.15000000000000002,
  "batch_size": 64,
  "weight_decay": 1.1465858449050082e-05,
  "entropy_bonus": 0.04,
  "early_stop_patience": 6,
  "seed": 8509
}