{
  "lookback": 60,
  "horizon": 252,
  "stride": 10,
  "epochs": 70,
  "lr": 0.0026401952767753267,
  "hidden": 128,
  "n_layers": 3,
  "dropout": 0.25,
  "batch_size": 32,
  "weight_decay": 0.00018427868101174348,
  "entropy_bonus": 0.03,
  "early_stop_patience": 10,
  "seed": 7617
}