{
  "lookback": 60,
  "horizon": 252,
  "stride": 10,
  "epochs": 70,
  "lr": 0.0019147935411376025,
  "hidden": 256,
  "n_layers": 2,
  "dropout": 0.2,
  "batch_size": 64,
  "weight_decay": 6.546041556623536e-06,
  "entropy_bonus": 0.03,
  "early_stop_patience": 10,
  "seed": 9162
}