{
  "lookback": 60,
  "horizon": 252,
  "stride": 5,
  "epochs": 30,
  "lr": 0.004071416537166646,
  "hidden": 128,
  "n_layers": 3,
  "dropout": 0.30000000000000004,
  "batch_size": 128,
  "weight_decay": 0.000704138738632651,
  "entropy_bonus": 0.04,
  "early_stop_patience": 6,
  "seed": 8888
}