{
  "lookback": 60,
  "horizon": 63,
  "stride": 10,
  "epochs": 20,
  "lr": 0.002744754617281893,
  "hidden": 64,
  "n_layers": 2,
  "dropout": 0.30000000000000004,
  "batch_size": 128,
  "weight_decay": 5.0420098029873515e-06,
  "entropy_bonus": 0.04,
  "early_stop_patience": 10,
  "seed": 1823
}