{
  "lookback": 60,
  "horizon": 252,
  "stride": 5,
  "epochs": 20,
  "lr": 0.004507253598003738,
  "hidden": 256,
  "n_layers": 3,
  "dropout": 0.15000000000000002,
  "batch_size": 128,
  "weight_decay": 6.014605597832367e-05,
  "entropy_bonus": 0.03,
  "early_stop_patience": 10,
  "seed": 7418
}