{
  "lookback": 60,
  "horizon": 252,
  "stride": 5,
  "epochs": 20,
  "lr": 0.0026726328885163272,
  "hidden": 192,
  "n_layers": 3,
  "dropout": 0.25,
  "batch_size": 32,
  "weight_decay": 1.849077867763321e-06,
  "entropy_bonus": 0.0,
  "early_stop_patience": 6,
  "seed": 6865
}