{
  "lookback": 60,
  "horizon": 252,
  "stride": 10,
  "epochs": 70,
  "lr": 0.0012361656597418245,
  "hidden": 192,
  "n_layers": 1,
  "dropout": 0.1,
  "batch_size": 64,
  "weight_decay": 1.8899629060718775e-05,
  "entropy_bonus": 0.04,
  "early_stop_patience": 6,
  "seed": 1166
}