{
  "lookback": 60,
  "horizon": 252,
  "stride": 5,
  "epochs": 40,
  "lr": 0.0003920095005479954,
  "hidden": 128,
  "n_layers": 2,
  "dropout": 0.0,
  "batch_size": 64,
  "weight_decay": 1.0655924993232579e-06,
  "entropy_bonus": 0.0,
  "early_stop_patience": 6,
  "seed": 1608
}