{
  "lookback": 60,
  "horizon": 63,
  "stride": 5,
  "epochs": 30,
  "lr": 0.003428273783111239,
  "hidden": 256,
  "n_layers": 2,
  "dropout": 0.05,
  "batch_size": 128,
  "weight_decay": 0.00020891087801669839,
  "entropy_bonus": 0.04,
  "early_stop_patience": 6,
  "seed": 5459
}