{
  "lookback": 60,
  "horizon": 252,
  "stride": 5,
  "epochs": 40,
  "lr": 0.004338922740512147,
  "hidden": 256,
  "n_layers": 2,
  "dropout": 0.25,
  "batch_size": 128,
  "weight_decay": 0.000301538954509921,
  "entropy_bonus": 0.05,
  "early_stop_patience": 10,
  "seed": 4779
}