{
  "lookback": 60,
  "horizon": 126,
  "stride": 10,
  "epochs": 60,
  "lr": 0.0027363509442430854,
  "hidden": 192,
  "n_layers": 1,
  "dropout": 0.1,
  "batch_size": 128,
  "weight_decay": 3.724647612437732e-06,
  "entropy_bonus": 0.04,
  "early_stop_patience": 10,
  "seed": 7219
}