{
  "lookback": 60,
  "horizon": 252,
  "stride": 5,
  "epochs": 30,
  "lr": 0.0022649585115195794,
  "hidden": 128,
  "n_layers": 3,
  "dropout": 0.05,
  "batch_size": 32,
  "weight_decay": 9.090187638528867e-05,
  "entropy_bonus": 0.04,
  "early_stop_patience": 10,
  "seed": 5193
}