{
  "lookback": 60,
  "horizon": 126,
  "stride": 10,
  "epochs": 50,
  "lr": 0.0012812212809934706,
  "hidden": 128,
  "n_layers": 3,
  "dropout": 0.0,
  "batch_size": 32,
  "weight_decay": 0.00010380727086351202,
  "entropy_bonus": 0.04,
  "early_stop_patience": 10,
  "seed": 5972
}