{
  "lookback": 60,
  "horizon": 252,
  "stride": 5,
  "epochs": 20,
  "lr": 0.002455803009967101,
  "hidden": 192,
  "n_layers": 3,
  "dropout": 0.35000000000000003,
  "batch_size": 32,
  "weight_decay": 4.180399112937471e-06,
  "entropy_bonus": 0.02,
  "early_stop_patience": 6,
  "seed": 7615
}