{
  "lookback": 60,
  "horizon": 252,
  "stride": 5,
  "epochs": 30,
  "lr": 0.004214534169720049,
  "hidden": 192,
  "n_layers": 3,
  "dropout": 0.1,
  "batch_size": 32,
  "weight_decay": 7.17864994196921e-05,
  "entropy_bonus": 0.04,
  "early_stop_patience": 6,
  "seed": 7784
}