{
  "lookback": 60,
  "horizon": 252,
  "stride": 10,
  "epochs": 80,
  "lr": 0.0007795251761873651,
  "hidden": 192,
  "n_layers": 1,
  "dropout": 0.2,
  "batch_size": 64,
  "weight_decay": 6.7261999647040525e-06,
  "entropy_bonus": 0.04,
  "early_stop_patience": 6,
  "seed": 8219
}