{
  "lookback": 60,
  "horizon": 252,
  "stride": 5,
  "epochs": 40,
  "lr": 0.004308801858336667,
  "hidden": 64,
  "n_layers": 2,
  "dropout": 0.2,
  "batch_size": 128,
  "weight_decay": 1.1903566004169168e-06,
  "entropy_bonus": 0.05,
  "early_stop_patience": 10,
  "seed": 5555
}