{
  "lookback": 60,
  "horizon": 252,
  "stride": 10,
  "epochs": 70,
  "lr": 0.0015653535240797883,
  "hidden": 192,
  "n_layers": 1,
  "dropout": 0.1,
  "batch_size": 64,
  "weight_decay": 9.883828411474382e-06,
  "entropy_bonus": 0.04,
  "early_stop_patience": 6,
  "seed": 7333
}