{
  "lookback": 60,
  "horizon": 252,
  "stride": 10,
  "epochs": 60,
  "lr": 0.0029325282461735223,
  "hidden": 128,
  "n_layers": 1,
  "dropout": 0.30000000000000004,
  "batch_size": 128,
  "weight_decay": 4.606436159175069e-06,
  "entropy_bonus": 0.04,
  "early_stop_patience": 6,
  "seed": 2731
}