{
  "lookback": 60,
  "horizon": 252,
  "stride": 5,
  "epochs": 20,
  "lr": 0.0037468159910561596,
  "hidden": 192,
  "n_layers": 3,
  "dropout": 0.30000000000000004,
  "batch_size": 32,
  "weight_decay": 4.856908968025368e-06,
  "entropy_bonus": 0.01,
  "early_stop_patience": 6,
  "seed": 7631
}