{
  "lookback": 60,
  "horizon": 252,
  "stride": 5,
  "epochs": 40,
  "lr": 0.004716689213140849,
  "hidden": 256,
  "n_layers": 2,
  "dropout": 0.05,
  "batch_size": 128,
  "weight_decay": 7.764323541447279e-05,
  "entropy_bonus": 0.05,
  "early_stop_patience": 10,
  "seed": 5346
}