{
  "lookback": 60,
  "horizon": 252,
  "stride": 5,
  "epochs": 40,
  "lr": 0.0017868116156479368,
  "hidden": 256,
  "n_layers": 2,
  "dropout": 0.25,
  "batch_size": 32,
  "weight_decay": 2.8720578211164516e-06,
  "entropy_bonus": 0.05,
  "early_stop_patience": 6,
  "seed": 2053
}