{
  "lookback": 60,
  "horizon": 252,
  "stride": 5,
  "epochs": 20,
  "lr": 0.0024133283959107445,
  "hidden": 192,
  "n_layers": 3,
  "dropout": 0.0,
  "batch_size": 32,
  "weight_decay": 7.967897312741274e-05,
  "entropy_bonus": 0.04,
  "early_stop_patience": 6,
  "seed": 5388
}