{
  "lookback": 60,
  "horizon": 252,
  "stride": 5,
  "epochs": 30,
  "lr": 0.004301879190251717,
  "hidden": 256,
  "n_layers": 3,
  "dropout": 0.15000000000000002,
  "batch_size": 128,
  "weight_decay": 1.2699238350607817e-06,
  "entropy_bonus": 0.04,
  "early_stop_patience": 6,
  "seed": 6528
}