{
  "lookback": 60,
  "horizon": 126,
  "stride": 5,
  "epochs": 30,
  "lr": 0.0010633488182619135,
  "hidden": 128,
  "n_layers": 3,
  "dropout": 0.05,
  "batch_size": 64,
  "weight_decay": 0.0001705095216046656,
  "entropy_bonus": 0.03,
  "early_stop_patience": 10,
  "seed": 8527
}