{
  "lookback": 60,
  "horizon": 252,
  "stride": 5,
  "epochs": 40,
  "lr": 0.0007599426783878406,
  "hidden": 256,
  "n_layers": 3,
  "dropout": 0.4,
  "batch_size": 32,
  "weight_decay": 7.573944444301969e-06,
  "entropy_bonus": 0.04,
  "early_stop_patience": 6,
  "seed": 968
}