{
  "lookback": 60,
  "horizon": 252,
  "stride": 5,
  "epochs": 40,
  "lr": 0.000851974717498049,
  "hidden": 256,
  "n_layers": 2,
  "dropout": 0.4,
  "batch_size": 32,
  "weight_decay": 1.6524271141332467e-06,
  "entropy_bonus": 0.04,
  "early_stop_patience": 10,
  "seed": 2572
}