{
  "lookback": 60,
  "horizon": 126,
  "stride": 10,
  "epochs": 30,
  "lr": 0.0005420121771389447,
  "hidden": 256,
  "n_layers": 2,
  "dropout": 0.1,
  "batch_size": 128,
  "weight_decay": 0.00018985335482428315,
  "entropy_bonus": 0.05,
  "early_stop_patience": 6,
  "seed": 5126
}