{
  "lookback": 60,
  "horizon": 252,
  "stride": 10,
  "epochs": 70,
  "lr": 0.002142358891856481,
  "hidden": 192,
  "n_layers": 1,
  "dropout": 0.05,
  "batch_size": 64,
  "weight_decay": 1.2606368295277008e-05,
  "entropy_bonus": 0.04,
  "early_stop_patience": 6,
  "seed": 9166
}