{
  "lookback": 60,
  "horizon": 252,
  "stride": 5,
  "epochs": 20,
  "lr": 0.0016101440166797426,
  "hidden": 256,
  "n_layers": 2,
  "dropout": 0.4,
  "batch_size": 32,
  "weight_decay": 9.668841113035268e-06,
  "entropy_bonus": 0.04,
  "early_stop_patience": 6,
  "seed": 154
}