{
  "lookback": 60,
  "horizon": 252,
  "stride": 5,
  "epochs": 20,
  "lr": 0.0016352585527697424,
  "hidden": 192,
  "n_layers": 2,
  "dropout": 0.15000000000000002,
  "batch_size": 128,
  "weight_decay": 6.255058566827106e-05,
  "entropy_bonus": 0.05,
  "early_stop_patience": 6,
  "seed": 6929
}