{
  "lookback": 60,
  "horizon": 252,
  "stride": 10,
  "epochs": 70,
  "lr": 0.0004027906156425812,
  "hidden": 192,
  "n_layers": 1,
  "dropout": 0.1,
  "batch_size": 64,
  "weight_decay": 3.421422157750543e-06,
  "entropy_bonus": 0.04,
  "early_stop_patience": 10,
  "seed": 9035
}