{
  "lookback": 60,
  "horizon": 252,
  "stride": 5,
  "epochs": 60,
  "lr": 0.0023369694257287005,
  "hidden": 256,
  "n_layers": 2,
  "dropout": 0.30000000000000004,
  "batch_size": 32,
  "weight_decay": 1.8564948397067075e-06,
  "entropy_bonus": 0.05,
  "early_stop_patience": 6,
  "seed": 2523
}