{
  "lookback": 60,
  "horizon": 252,
  "stride": 10,
  "epochs": 70,
  "lr": 0.0011048111714087312,
  "hidden": 192,
  "n_layers": 1,
  "dropout": 0.35000000000000003,
  "batch_size": 64,
  "weight_decay": 4.672450305870543e-06,
  "entropy_bonus": 0.03,
  "early_stop_patience": 6,
  "seed": 6696
}