{
  "lookback": 60,
  "horizon": 252,
  "stride": 10,
  "epochs": 40,
  "lr": 0.002872832180492944,
  "hidden": 192,
  "n_layers": 3,
  "dropout": 0.05,
  "batch_size": 32,
  "weight_decay": 0.00018594056643201116,
  "entropy_bonus": 0.05,
  "early_stop_patience": 6,
  "seed": 9904
}