{
  "lookback": 60,
  "horizon": 63,
  "stride": 5,
  "epochs": 40,
  "lr": 0.00040837459420000255,
  "hidden": 256,
  "n_layers": 2,
  "dropout": 0.35000000000000003,
  "batch_size": 32,
  "weight_decay": 1.4013205417607441e-06,
  "entropy_bonus": 0.05,
  "early_stop_patience": 6,
  "seed": 0
}