{
  "lookback": 60,
  "horizon": 252,
  "stride": 10,
  "epochs": 40,
  "lr": 0.003922583671714905,
  "hidden": 256,
  "n_layers": 3,
  "dropout": 0.15000000000000002,
  "batch_size": 128,
  "weight_decay": 0.0009838835567310873,
  "entropy_bonus": 0.04,
  "early_stop_patience": 6,
  "seed": 8943
}