{
  "lookback": 60,
  "horizon": 126,
  "stride": 5,
  "epochs": 40,
  "lr": 0.004536718730482299,
  "hidden": 256,
  "n_layers": 2,
  "dropout": 0.35000000000000003,
  "batch_size": 128,
  "weight_decay": 1.195087875041315e-06,
  "entropy_bonus": 0.02,
  "early_stop_patience": 6,
  "seed": 745
}