{
  "lookback": 60,
  "horizon": 252,
  "stride": 5,
  "epochs": 50,
  "lr": 0.004100781136156198,
  "hidden": 256,
  "n_layers": 2,
  "dropout": 0.30000000000000004,
  "batch_size": 128,
  "weight_decay": 0.00011155314932495818,
  "entropy_bonus": 0.04,
  "early_stop_patience": 10,
  "seed": 9135
}