{
  "lookback": 60,
  "horizon": 252,
  "stride": 5,
  "epochs": 60,
  "lr": 0.00208279676069435,
  "hidden": 128,
  "n_layers": 3,
  "dropout": 0.05,
  "batch_size": 32,
  "weight_decay": 0.0008297089244624177,
  "entropy_bonus": 0.05,
  "early_stop_patience": 10,
  "seed": 5877
}