{
  "lookback": 60,
  "horizon": 252,
  "stride": 5,
  "epochs": 30,
  "lr": 0.0031522318181272913,
  "hidden": 256,
  "n_layers": 3,
  "dropout": 0.15000000000000002,
  "batch_size": 128,
  "weight_decay": 0.0005458394045070044,
  "entropy_bonus": 0.04,
  "early_stop_patience": 6,
  "seed": 6820
}