{
  "lookback": 60,
  "horizon": 252,
  "stride": 5,
  "epochs": 60,
  "lr": 0.0015151788877904673,
  "hidden": 128,
  "n_layers": 3,
  "dropout": 0.0,
  "batch_size": 32,
  "weight_decay": 1.2255855082639786e-05,
  "entropy_bonus": 0.05,
  "early_stop_patience": 10,
  "seed": 581
}