{
  "lookback": 60,
  "horizon": 63,
  "stride": 5,
  "epochs": 40,
  "lr": 0.004762213920211849,
  "hidden": 256,
  "n_layers": 2,
  "dropout": 0.25,
  "batch_size": 64,
  "weight_decay": 1.1498645771113092e-06,
  "entropy_bonus": 0.05,
  "early_stop_patience": 6,
  "seed": 2185
}