{
  "lookback": 60,
  "horizon": 252,
  "stride": 5,
  "epochs": 60,
  "lr": 0.0025704222625884602,
  "hidden": 128,
  "n_layers": 2,
  "dropout": 0.1,
  "batch_size": 32,
  "weight_decay": 2.109062778564629e-06,
  "entropy_bonus": 0.05,
  "early_stop_patience": 6,
  "seed": 1550
}