{
  "lookback": 60,
  "horizon": 63,
  "stride": 10,
  "epochs": 50,
  "lr": 0.003507149581575963,
  "hidden": 192,
  "n_layers": 2,
  "dropout": 0.05,
  "batch_size": 32,
  "weight_decay": 3.653571920993787e-05,
  "entropy_bonus": 0.03,
  "early_stop_patience": 6,
  "seed": 192
}