{
  "lookback": 60,
  "horizon": 252,
  "stride": 5,
  "epochs": 30,
  "lr": 0.0031129607175981915,
  "hidden": 192,
  "n_layers": 3,
  "dropout": 0.0,
  "batch_size": 32,
  "weight_decay": 4.939557590270046e-05,
  "entropy_bonus": 0.04,
  "early_stop_patience": 6,
  "seed": 5568
}