{
  "lookback": 60,
  "horizon": 126,
  "stride": 10,
  "epochs": 60,
  "lr": 0.0009967410272907454,
  "hidden": 256,
  "n_layers": 1,
  "dropout": 0.1,
  "batch_size": 64,
  "weight_decay": 5.928422754703476e-06,
  "entropy_bonus": 0.04,
  "early_stop_patience": 6,
  "seed": 6553
}