{
  "lookback": 60,
  "horizon": 252,
  "stride": 5,
  "epochs": 40,
  "lr": 0.004660101644444769,
  "hidden": 64,
  "n_layers": 2,
  "dropout": 0.35000000000000003,
  "batch_size": 128,
  "weight_decay": 1.1742630426827608e-06,
  "entropy_bonus": 0.05,
  "early_stop_patience": 6,
  "seed": 1055
}