{
  "lookback": 60,
  "horizon": 252,
  "stride": 5,
  "epochs": 50,
  "lr": 0.0020617794637768504,
  "hidden": 256,
  "n_layers": 1,
  "dropout": 0.30000000000000004,
  "batch_size": 64,
  "weight_decay": 2.463376463837927e-06,
  "entropy_bonus": 0.04,
  "early_stop_patience": 10,
  "seed": 4901
}