{
  "lookback": 60,
  "horizon": 252,
  "stride": 5,
  "epochs": 40,
  "lr": 0.003612348871194926,
  "hidden": 256,
  "n_layers": 2,
  "dropout": 0.30000000000000004,
  "batch_size": 64,
  "weight_decay": 1.939602909000804e-06,
  "entropy_bonus": 0.05,
  "early_stop_patience": 6,
  "seed": 1953
}