{
  "lookback": 60,
  "horizon": 63,
  "stride": 5,
  "epochs": 40,
  "lr": 0.0041123481287624495,
  "hidden": 192,
  "n_layers": 2,
  "dropout": 0.30000000000000004,
  "batch_size": 128,
  "weight_decay": 1.5129651331268963e-06,
  "entropy_bonus": 0.05,
  "early_stop_patience": 6,
  "seed": 8540
}