{
  "lookback": 60,
  "horizon": 252,
  "stride": 5,
  "epochs": 40,
  "lr": 0.0034606114479331343,
  "hidden": 256,
  "n_layers": 3,
  "dropout": 0.15000000000000002,
  "batch_size": 128,
  "weight_decay": 0.0002841561090421693,
  "entropy_bonus": 0.03,
  "early_stop_patience": 6,
  "seed": 7104
}