{
  "lookback": 60,
  "horizon": 252,
  "stride": 5,
  "epochs": 80,
  "lr": 0.002161566784086206,
  "hidden": 256,
  "n_layers": 2,
  "dropout": 0.2,
  "batch_size": 32,
  "weight_decay": 1.232118407543667e-06,
  "entropy_bonus": 0.05,
  "early_stop_patience": 6,
  "seed": 2113
}