{
  "lookback": 60,
  "horizon": 252,
  "stride": 5,
  "epochs": 60,
  "lr": 0.002311325427930174,
  "hidden": 256,
  "n_layers": 2,
  "dropout": 0.2,
  "batch_size": 128,
  "weight_decay": 2.997047995302531e-06,
  "entropy_bonus": 0.05,
  "early_stop_patience": 6,
  "seed": 2559
}