{
  "lookback": 60,
  "horizon": 126,
  "stride": 5,
  "epochs": 30,
  "lr": 0.00015982608583855863,
  "hidden": 128,
  "n_layers": 3,
  "dropout": 0.15000000000000002,
  "batch_size": 32,
  "weight_decay": 3.10274095091284e-05,
  "entropy_bonus": 0.01,
  "early_stop_patience": 6,
  "seed": 6096
}