{
  "lookback": 60,
  "horizon": 252,
  "stride": 10,
  "epochs": 70,
  "lr": 0.0013170240562097011,
  "hidden": 256,
  "n_layers": 2,
  "dropout": 0.2,
  "batch_size": 64,
  "weight_decay": 6.274433215646635e-05,
  "entropy_bonus": 0.03,
  "early_stop_patience": 6,
  "seed": 5704
}