{
  "lookback": 60,
  "horizon": 252,
  "stride": 5,
  "epochs": 40,
  "lr": 0.004719500122521995,
  "hidden": 256,
  "n_layers": 2,
  "dropout": 0.25,
  "batch_size": 128,
  "weight_decay": 1.8242574895410282e-06,
  "entropy_bonus": 0.05,
  "early_stop_patience": 10,
  "seed": 5030
}