{
  "lookback": 60,
  "horizon": 252,
  "stride": 5,
  "epochs": 40,
  "lr": 0.004267096678337182,
  "hidden": 256,
  "n_layers": 2,
  "dropout": 0.2,
  "batch_size": 128,
  "weight_decay": 0.0003703671524616251,
  "entropy_bonus": 0.05,
  "early_stop_patience": 10,
  "seed": 4642
}