{
  "lookback": 60,
  "horizon": 252,
  "stride": 5,
  "epochs": 40,
  "lr": 0.0025143621334710437,
  "hidden": 256,
  "n_layers": 2,
  "dropout": 0.15000000000000002,
  "batch_size": 32,
  "weight_decay": 2.361888433340656e-06,
  "entropy_bonus": 0.05,
  "early_stop_patience": 6,
  "seed": 2297
}