{
  "lookback": 60,
  "horizon": 252,
  "stride": 5,
  "epochs": 60,
  "lr": 0.00023912067464683178,
  "hidden": 128,
  "n_layers": 2,
  "dropout": 0.2,
  "batch_size": 64,
  "weight_decay": 0.00015805790019109118,
  "entropy_bonus": 0.04,
  "early_stop_patience": 10,
  "seed": 3627
}