{
  "lookback": 60,
  "horizon": 252,
  "stride": 5,
  "epochs": 50,
  "lr": 0.001297141238712861,
  "hidden": 256,
  "n_layers": 1,
  "dropout": 0.25,
  "batch_size": 64,
  "weight_decay": 3.0338817209678326e-06,
  "entropy_bonus": 0.05,
  "early_stop_patience": 10,
  "seed": 4606
}