{
  "lookback": 60,
  "horizon": 252,
  "stride": 5,
  "epochs": 30,
  "lr": 0.003504927885032592,
  "hidden": 128,
  "n_layers": 3,
  "dropout": 0.15000000000000002,
  "batch_size": 32,
  "weight_decay": 7.537743786592592e-05,
  "entropy_bonus": 0.02,
  "early_stop_patience": 6,
  "seed": 6521
}