{
  "lookback": 60,
  "horizon": 252,
  "stride": 10,
  "epochs": 70,
  "lr": 0.002036230020091203,
  "hidden": 192,
  "n_layers": 1,
  "dropout": 0.35000000000000003,
  "batch_size": 64,
  "weight_decay": 1.2332001293116445e-05,
  "entropy_bonus": 0.04,
  "early_stop_patience": 6,
  "seed": 8525
}