{
  "lookback": 60,
  "horizon": 252,
  "stride": 10,
  "epochs": 30,
  "lr": 0.002885169923511838,
  "hidden": 192,
  "n_layers": 3,
  "dropout": 0.35000000000000003,
  "batch_size": 64,
  "weight_decay": 2.5150306184220676e-06,
  "entropy_bonus": 0.03,
  "early_stop_patience": 6,
  "seed": 7307
}