{
  "lookback": 60,
  "horizon": 252,
  "stride": 5,
  "epochs": 60,
  "lr": 0.0006874946601495472,
  "hidden": 192,
  "n_layers": 3,
  "dropout": 0.05,
  "batch_size": 32,
  "weight_decay": 0.0008695460210333584,
  "entropy_bonus": 0.04,
  "early_stop_patience": 10,
  "seed": 1242
}