{
  "lookback": 60,
  "horizon": 252,
  "stride": 10,
  "epochs": 60,
  "lr": 0.000898344776935691,
  "hidden": 256,
  "n_layers": 1,
  "dropout": 0.30000000000000004,
  "batch_size": 32,
  "weight_decay": 1.0031646507220667e-05,
  "entropy_bonus": 0.04,
  "early_stop_patience": 6,
  "seed": 7063
}