{
  "lookback": 60,
  "horizon": 252,
  "stride": 5,
  "epochs": 40,
  "lr": 0.004555312595364423,
  "hidden": 256,
  "n_layers": 2,
  "dropout": 0.25,
  "batch_size": 128,
  "weight_decay": 1.2852423055772318e-06,
  "entropy_bonus": 0.03,
  "early_stop_patience": 6,
  "seed": 614
}