{
  "lookback": 60,
  "horizon": 252,
  "stride": 5,
  "epochs": 60,
  "lr": 0.0029663506475042247,
  "hidden": 128,
  "n_layers": 2,
  "dropout": 0.2,
  "batch_size": 32,
  "weight_decay": 1.6637154656955438e-06,
  "entropy_bonus": 0.05,
  "early_stop_patience": 6,
  "seed": 5691
}