{
  "lookback": 60,
  "horizon": 126,
  "stride": 10,
  "epochs": 50,
  "lr": 0.0006138809456535494,
  "hidden": 128,
  "n_layers": 3,
  "dropout": 0.15000000000000002,
  "batch_size": 128,
  "weight_decay": 7.732407964099513e-05,
  "entropy_bonus": 0.04,
  "early_stop_patience": 6,
  "seed": 34
}