{
  "lookback": 60,
  "horizon": 252,
  "stride": 5,
  "epochs": 50,
  "lr": 0.0011924815772635328,
  "hidden": 256,
  "n_layers": 1,
  "dropout": 0.1,
  "batch_size": 32,
  "weight_decay": 8.407859684472687e-06,
  "entropy_bonus": 0.04,
  "early_stop_patience": 6,
  "seed": 5582
}