{
  "lookback": 60,
  "horizon": 252,
  "stride": 5,
  "epochs": 30,
  "lr": 0.00287627975103769,
  "hidden": 256,
  "n_layers": 2,
  "dropout": 0.30000000000000004,
  "batch_size": 128,
  "weight_decay": 3.196912122368767e-05,
  "entropy_bonus": 0.02,
  "early_stop_patience": 10,
  "seed": 8864
}