{
  "lookback": 60,
  "horizon": 252,
  "stride": 5,
  "epochs": 40,
  "lr": 0.0021619105110821735,
  "hidden": 192,
  "n_layers": 3,
  "dropout": 0.05,
  "batch_size": 32,
  "weight_decay": 0.0003104190199100268,
  "entropy_bonus": 0.05,
  "early_stop_patience": 6,
  "seed": 8657
}