{
  "lookback": 60,
  "horizon": 252,
  "stride": 10,
  "epochs": 40,
  "lr": 0.003792061278019235,
  "hidden": 256,
  "n_layers": 3,
  "dropout": 0.0,
  "batch_size": 128,
  "weight_decay": 0.0002259176359702523,
  "entropy_bonus": 0.04,
  "early_stop_patience": 10,
  "seed": 5137
}