{
  "lookback": 60,
  "horizon": 252,
  "stride": 10,
  "epochs": 60,
  "lr": 0.0014397213271523236,
  "hidden": 192,
  "n_layers": 1,
  "dropout": 0.15000000000000002,
  "batch_size": 64,
  "weight_decay": 8.327805676048243e-06,
  "entropy_bonus": 0.04,
  "early_stop_patience": 10,
  "seed": 5250
}