{
  "lookback": 60,
  "horizon": 63,
  "stride": 10,
  "epochs": 60,
  "lr": 0.0014130417129334797,
  "hidden": 192,
  "n_layers": 2,
  "dropout": 0.2,
  "batch_size": 64,
  "weight_decay": 1.4220831705950319e-05,
  "entropy_bonus": 0.02,
  "early_stop_patience": 10,
  "seed": 3324
}