{
  "lookback": 60,
  "horizon": 63,
  "stride": 5,
  "epochs": 40,
  "lr": 0.004993124845430083,
  "hidden": 256,
  "n_layers": 2,
  "dropout": 0.25,
  "batch_size": 128,
  "weight_decay": 0.0001465370102254337,
  "entropy_bonus": 0.05,
  "early_stop_patience": 10,
  "seed": 4462
}