{
  "lookback": 60,
  "horizon": 252,
  "stride": 5,
  "epochs": 40,
  "lr": 0.0038381195425892045,
  "hidden": 192,
  "n_layers": 2,
  "dropout": 0.30000000000000004,
  "batch_size": 64,
  "weight_decay": 1.2152599186091542e-06,
  "entropy_bonus": 0.05,
  "early_stop_patience": 6,
  "seed": 2412
}