{
  "lookback": 60,
  "horizon": 252,
  "stride": 10,
  "epochs": 70,
  "lr": 0.0019282715573953196,
  "hidden": 256,
  "n_layers": 2,
  "dropout": 0.15000000000000002,
  "batch_size": 64,
  "weight_decay": 7.3512415067356045e-06,
  "entropy_bonus": 0.02,
  "early_stop_patience": 10,
  "seed": 9982
}