{
  "lookback": 60,
  "horizon": 252,
  "stride": 10,
  "epochs": 60,
  "lr": 0.001964410700056394,
  "hidden": 192,
  "n_layers": 1,
  "dropout": 0.15000000000000002,
  "batch_size": 64,
  "weight_decay": 1.4725293618328629e-05,
  "entropy_bonus": 0.03,
  "early_stop_patience": 6,
  "seed": 8612
}