{
  "lookback": 60,
  "horizon": 252,
  "stride": 5,
  "epochs": 20,
  "lr": 0.002471772732692427,
  "hidden": 64,
  "n_layers": 2,
  "dropout": 0.25,
  "batch_size": 128,
  "weight_decay": 6.911980367208308e-06,
  "entropy_bonus": 0.01,
  "early_stop_patience": 10,
  "seed": 3858
}