{
  "lookback": 60,
  "horizon": 252,
  "stride": 5,
  "epochs": 80,
  "lr": 0.0035435023763762353,
  "hidden": 64,
  "n_layers": 2,
  "dropout": 0.30000000000000004,
  "batch_size": 32,
  "weight_decay": 0.00015188631390825665,
  "entropy_bonus": 0.05,
  "early_stop_patience": 6,
  "seed": 7124
}