{
  "lookback": 60,
  "horizon": 63,
  "stride": 5,
  "epochs": 30,
  "lr": 0.0035592480394402368,
  "hidden": 192,
  "n_layers": 3,
  "dropout": 0.4,
  "batch_size": 32,
  "weight_decay": 2.546415411757644e-06,
  "entropy_bonus": 0.01,
  "early_stop_patience": 6,
  "seed": 4993
}