{
  "lookback": 60,
  "horizon": 252,
  "stride": 5,
  "epochs": 20,
  "lr": 0.00470490221564272,
  "hidden": 192,
  "n_layers": 3,
  "dropout": 0.35000000000000003,
  "batch_size": 32,
  "weight_decay": 2.2128122467429313e-06,
  "entropy_bonus": 0.0,
  "early_stop_patience": 6,
  "seed": 4719
}