{
  "lookback": 60,
  "horizon": 252,
  "stride": 5,
  "epochs": 30,
  "lr": 0.0038429750740539277,
  "hidden": 128,
  "n_layers": 3,
  "dropout": 0.15000000000000002,
  "batch_size": 128,
  "weight_decay": 0.00022201599882368248,
  "entropy_bonus": 0.04,
  "early_stop_patience": 10,
  "seed": 5646
}