{
  "lookback": 60,
  "horizon": 252,
  "stride": 5,
  "epochs": 30,
  "lr": 0.0031757585951117384,
  "hidden": 64,
  "n_layers": 3,
  "dropout": 0.25,
  "batch_size": 32,
  "weight_decay": 1.2524853694080558e-06,
  "entropy_bonus": 0.02,
  "early_stop_patience": 6,
  "seed": 7964
}