{
  "lookback": 60,
  "horizon": 252,
  "stride": 10,
  "epochs": 50,
  "lr": 0.002614342524867476,
  "hidden": 192,
  "n_layers": 3,
  "dropout": 0.4,
  "batch_size": 128,
  "weight_decay": 1.1277261049712563e-05,
  "entropy_bonus": 0.03,
  "early_stop_patience": 6,
  "seed": 8547
}