{
  "lookback": 60,
  "horizon": 252,
  "stride": 5,
  "epochs": 40,
  "lr": 0.00012524794434761217,
  "hidden": 128,
  "n_layers": 2,
  "dropout": 0.25,
  "batch_size": 64,
  "weight_decay": 2.7040387184327664e-06,
  "entropy_bonus": 0.05,
  "early_stop_patience": 10,
  "seed": 2429
}