{
  "lookback": 60,
  "horizon": 252,
  "stride": 10,
  "epochs": 80,
  "lr": 0.0022918140979599055,
  "hidden": 256,
  "n_layers": 2,
  "dropout": 0.05,
  "batch_size": 32,
  "weight_decay": 9.73429766337971e-06,
  "entropy_bonus": 0.05,
  "early_stop_patience": 10,
  "seed": 8668
}