{
  "lookback": 60,
  "horizon": 252,
  "stride": 5,
  "epochs": 70,
  "lr": 0.002196890114028371,
  "hidden": 128,
  "n_layers": 3,
  "dropout": 0.05,
  "batch_size": 32,
  "weight_decay": 4.2689392996480225e-05,
  "entropy_bonus": 0.03,
  "early_stop_patience": 10,
  "seed": 4322
}