{
  "lookback": 60,
  "horizon": 252,
  "stride": 5,
  "epochs": 20,
  "lr": 0.00011073180301887867,
  "hidden": 192,
  "n_layers": 3,
  "dropout": 0.35000000000000003,
  "batch_size": 32,
  "weight_decay": 1.3358039288902107e-06,
  "entropy_bonus": 0.01,
  "early_stop_patience": 10,
  "seed": 5688
}