{
  "lookback": 60,
  "horizon": 63,
  "stride": 5,
  "epochs": 20,
  "lr": 0.003043647573426768,
  "hidden": 64,
  "n_layers": 2,
  "dropout": 0.4,
  "batch_size": 32,
  "weight_decay": 1.472555829585934e-06,
  "entropy_bonus": 0.04,
  "early_stop_patience": 6,
  "seed": 1925
}