{
  "lookback": 60,
  "horizon": 252,
  "stride": 5,
  "epochs": 40,
  "lr": 0.0028309137819336806,
  "hidden": 128,
  "n_layers": 3,
  "dropout": 0.05,
  "batch_size": 32,
  "weight_decay": 0.0007376847659307082,
  "entropy_bonus": 0.04,
  "early_stop_patience": 6,
  "seed": 4744
}