{
  "lookback": 60,
  "horizon": 252,
  "stride": 5,
  "epochs": 50,
  "lr": 0.003429328956362267,
  "hidden": 256,
  "n_layers": 3,
  "dropout": 0.05,
  "batch_size": 128,
  "weight_decay": 0.00028876536136493094,
  "entropy_bonus": 0.03,
  "early_stop_patience": 10,
  "seed": 9188
}