{
  "lookback": 60,
  "horizon": 252,
  "stride": 10,
  "epochs": 70,
  "lr": 0.002786368089596653,
  "hidden": 192,
  "n_layers": 1,
  "dropout": 0.1,
  "batch_size": 64,
  "weight_decay": 5.755297303722258e-06,
  "entropy_bonus": 0.04,
  "early_stop_patience": 6,
  "seed": 9491
}