{
  "lookback": 60,
  "horizon": 252,
  "stride": 5,
  "epochs": 70,
  "lr": 0.00021594407329107455,
  "hidden": 128,
  "n_layers": 2,
  "dropout": 0.30000000000000004,
  "batch_size": 64,
  "weight_decay": 0.00011753980520078372,
  "entropy_bonus": 0.03,
  "early_stop_patience": 10,
  "seed": 1068
}