{
  "lookback": 60,
  "horizon": 252,
  "stride": 10,
  "epochs": 50,
  "lr": 0.002280358102012177,
  "hidden": 256,
  "n_layers": 2,
  "dropout": 0.4,
  "batch_size": 64,
  "weight_decay": 1.0539310662412448e-05,
  "entropy_bonus": 0.03,
  "early_stop_patience": 6,
  "seed": 8841
}