{
  "lookback": 60,
  "horizon": 252,
  "stride": 10,
  "epochs": 70,
  "lr": 0.0018349746049611318,
  "hidden": 256,
  "n_layers": 1,
  "dropout": 0.1,
  "batch_size": 64,
  "weight_decay": 1.8250050537448395e-05,
  "entropy_bonus": 0.05,
  "early_stop_patience": 6,
  "seed": 9182
}