{
  "lookback": 60,
  "horizon": 252,
  "stride": 5,
  "epochs": 20,
  "lr": 0.0038045669053365723,
  "hidden": 64,
  "n_layers": 3,
  "dropout": 0.2,
  "batch_size": 32,
  "weight_decay": 2.094132099376603e-06,
  "entropy_bonus": 0.0,
  "early_stop_patience": 6,
  "seed": 7095
}