{
  "lookback": 60,
  "horizon": 252,
  "stride": 5,
  "epochs": 60,
  "lr": 0.0034147196974788677,
  "hidden": 256,
  "n_layers": 2,
  "dropout": 0.30000000000000004,
  "batch_size": 32,
  "weight_decay": 4.301010992160943e-05,
  "entropy_bonus": 0.05,
  "early_stop_patience": 6,
  "seed": 2523
}