{
  "lookback": 60,
  "horizon": 63,
  "stride": 10,
  "epochs": 20,
  "lr": 0.0031850531031802874,
  "hidden": 256,
  "n_layers": 2,
  "dropout": 0.2,
  "batch_size": 64,
  "weight_decay": 3.1042193503065153e-06,
  "entropy_bonus": 0.05,
  "early_stop_patience": 10,
  "seed": 7174
}