{
  "lookback": 60,
  "horizon": 252,
  "stride": 5,
  "epochs": 40,
  "lr": 0.004091125432010261,
  "hidden": 256,
  "n_layers": 2,
  "dropout": 0.25,
  "batch_size": 128,
  "weight_decay": 0.00017735325799011004,
  "entropy_bonus": 0.05,
  "early_stop_patience": 10,
  "seed": 4656
}