{
  "lookback": 60,
  "horizon": 252,
  "stride": 5,
  "epochs": 40,
  "lr": 0.003237042119475575,
  "hidden": 64,
  "n_layers": 2,
  "dropout": 0.2,
  "batch_size": 128,
  "weight_decay": 1.0177639508586336e-06,
  "entropy_bonus": 0.04,
  "early_stop_patience": 10,
  "seed": 8795
}