{
  "lookback": 60,
  "horizon": 252,
  "stride": 5,
  "epochs": 50,
  "lr": 0.0044642863034826796,
  "hidden": 256,
  "n_layers": 2,
  "dropout": 0.2,
  "batch_size": 32,
  "weight_decay": 0.00015813420416749404,
  "entropy_bonus": 0.03,
  "early_stop_patience": 10,
  "seed": 8200
}