{
  "lookback": 60,
  "horizon": 252,
  "stride": 10,
  "epochs": 70,
  "lr": 0.001620424980720664,
  "hidden": 192,
  "n_layers": 1,
  "dropout": 0.15000000000000002,
  "batch_size": 64,
  "weight_decay": 7.2891622315365025e-06,
  "entropy_bonus": 0.04,
  "early_stop_patience": 6,
  "seed": 7268
}