{
  "lookback": 60,
  "horizon": 252,
  "stride": 5,
  "epochs": 30,
  "lr": 0.003146546699895844,
  "hidden": 192,
  "n_layers": 3,
  "dropout": 0.25,
  "batch_size": 32,
  "weight_decay": 1.2800106633068953e-06,
  "entropy_bonus": 0.0,
  "early_stop_patience": 6,
  "seed": 8123
}