{
  "lookback": 60,
  "horizon": 252,
  "stride": 5,
  "epochs": 40,
  "lr": 0.004632909251209418,
  "hidden": 256,
  "n_layers": 2,
  "dropout": 0.25,
  "batch_size": 128,
  "weight_decay": 1.0048393045235724e-06,
  "entropy_bonus": 0.05,
  "early_stop_patience": 6,
  "seed": 5387
}