{
  "lookback": 60,
  "horizon": 126,
  "stride": 10,
  "epochs": 40,
  "lr": 0.0004903038499052417,
  "hidden": 256,
  "n_layers": 2,
  "dropout": 0.1,
  "batch_size": 128,
  "weight_decay": 3.884327151025774e-06,
  "entropy_bonus": 0.03,
  "early_stop_patience": 6,
  "seed": 8790
}