{
  "lookback": 60,
  "horizon": 63,
  "stride": 10,
  "epochs": 80,
  "lr": 0.00033471780492378187,
  "hidden": 256,
  "n_layers": 2,
  "dropout": 0.15000000000000002,
  "batch_size": 128,
  "weight_decay": 0.0006932432173673802,
  "entropy_bonus": 0.05,
  "early_stop_patience": 10,
  "seed": 9459
}