{
  "lookback": 60,
  "horizon": 252,
  "stride": 5,
  "epochs": 40,
  "lr": 0.0032986330863776494,
  "hidden": 256,
  "n_layers": 3,
  "dropout": 0.15000000000000002,
  "batch_size": 128,
  "weight_decay": 0.00033335055631400376,
  "entropy_bonus": 0.04,
  "early_stop_patience": 6,
  "seed": 2175
}