{
  "lookback": 60,
  "horizon": 252,
  "stride": 5,
  "epochs": 40,
  "lr": 0.004076914912340662,
  "hidden": 256,
  "n_layers": 3,
  "dropout": 0.15000000000000002,
  "batch_size": 128,
  "weight_decay": 2.44266046712401e-06,
  "entropy_bonus": 0.04,
  "early_stop_patience": 6,
  "seed": 5310
}