{
  "lookback": 60,
  "horizon": 252,
  "stride": 5,
  "epochs": 60,
  "lr": 0.0026226547163055156,
  "hidden": 256,
  "n_layers": 2,
  "dropout": 0.30000000000000004,
  "batch_size": 32,
  "weight_decay": 2.8624202509763837e-06,
  "entropy_bonus": 0.05,
  "early_stop_patience": 6,
  "seed": 5953
}