{
  "lookback": 60,
  "horizon": 252,
  "stride": 5,
  "epochs": 40,
  "lr": 0.004536333985268703,
  "hidden": 128,
  "n_layers": 2,
  "dropout": 0.25,
  "batch_size": 64,
  "weight_decay": 1.7171430375707484e-06,
  "entropy_bonus": 0.05,
  "early_stop_patience": 6,
  "seed": 1763
}