{
  "lookback": 60,
  "horizon": 126,
  "stride": 10,
  "epochs": 60,
  "lr": 0.0022490592542277633,
  "hidden": 192,
  "n_layers": 1,
  "dropout": 0.05,
  "batch_size": 32,
  "weight_decay": 7.232148300731255e-06,
  "entropy_bonus": 0.04,
  "early_stop_patience": 10,
  "seed": 9836
}