{
  "lookback": 60,
  "horizon": 252,
  "stride": 10,
  "epochs": 40,
  "lr": 0.0026616640064812324,
  "hidden": 192,
  "n_layers": 1,
  "dropout": 0.15000000000000002,
  "batch_size": 32,
  "weight_decay": 0.00024851626026877317,
  "entropy_bonus": 0.04,
  "early_stop_patience": 10,
  "seed": 4591
}