{
  "lookback": 60,
  "horizon": 252,
  "stride": 10,
  "epochs": 40,
  "lr": 0.0041834286646776336,
  "hidden": 256,
  "n_layers": 3,
  "dropout": 0.05,
  "batch_size": 128,
  "weight_decay": 0.0007538307980427065,
  "entropy_bonus": 0.04,
  "early_stop_patience": 6,
  "seed": 9265
}