{
  "lookback": 60,
  "horizon": 252,
  "stride": 10,
  "epochs": 60,
  "lr": 0.0007675240761296599,
  "hidden": 192,
  "n_layers": 1,
  "dropout": 0.0,
  "batch_size": 64,
  "weight_decay": 5.158373652846684e-06,
  "entropy_bonus": 0.05,
  "early_stop_patience": 6,
  "seed": 8362
}