{
  "lookback": 60,
  "horizon": 252,
  "stride": 10,
  "epochs": 70,
  "lr": 0.0016588993903540001,
  "hidden": 192,
  "n_layers": 1,
  "dropout": 0.15000000000000002,
  "batch_size": 64,
  "weight_decay": 1.153880703287137e-05,
  "entropy_bonus": 0.04,
  "early_stop_patience": 6,
  "seed": 7068
}