{
  "lookback": 60,
  "horizon": 252,
  "stride": 5,
  "epochs": 40,
  "lr": 0.004374428931275585,
  "hidden": 256,
  "n_layers": 3,
  "dropout": 0.2,
  "batch_size": 128,
  "weight_decay": 9.685963256777804e-05,
  "entropy_bonus": 0.05,
  "early_stop_patience": 10,
  "seed": 241
}