{
  "lookback": 60,
  "horizon": 252,
  "stride": 5,
  "epochs": 20,
  "lr": 0.0034690350308322696,
  "hidden": 192,
  "n_layers": 3,
  "dropout": 0.25,
  "batch_size": 32,
  "weight_decay": 2.678959236442122e-06,
  "entropy_bonus": 0.01,
  "early_stop_patience": 6,
  "seed": 5800
}