{
  "lookback": 60,
  "horizon": 252,
  "stride": 5,
  "epochs": 40,
  "lr": 0.004488917916222132,
  "hidden": 256,
  "n_layers": 3,
  "dropout": 0.1,
  "batch_size": 128,
  "weight_decay": 0.0008346370597192323,
  "entropy_bonus": 0.0,
  "early_stop_patience": 6,
  "seed": 6063
}