{
  "lookback": 60,
  "horizon": 252,
  "stride": 5,
  "epochs": 60,
  "lr": 0.00287096432036832,
  "hidden": 256,
  "n_layers": 2,
  "dropout": 0.30000000000000004,
  "batch_size": 32,
  "weight_decay": 1.5003412406725185e-06,
  "entropy_bonus": 0.05,
  "early_stop_patience": 6,
  "seed": 2985
}