{
  "lookback": 60,
  "horizon": 252,
  "stride": 10,
  "epochs": 40,
  "lr": 0.0028281820818503024,
  "hidden": 192,
  "n_layers": 3,
  "dropout": 0.35000000000000003,
  "batch_size": 32,
  "weight_decay": 4.015552230423348e-05,
  "entropy_bonus": 0.02,
  "early_stop_patience": 6,
  "seed": 6198
}