{
  "lookback": 60,
  "horizon": 252,
  "stride": 5,
  "epochs": 50,
  "lr": 0.0020705147744543503,
  "hidden": 256,
  "n_layers": 2,
  "dropout": 0.30000000000000004,
  "batch_size": 32,
  "weight_decay": 2.4646587928473653e-06,
  "entropy_bonus": 0.04,
  "early_stop_patience": 10,
  "seed": 4930
}