{
  "lookback": 60,
  "horizon": 252,
  "stride": 5,
  "epochs": 40,
  "lr": 0.0005528488717151751,
  "hidden": 256,
  "n_layers": 2,
  "dropout": 0.35000000000000003,
  "batch_size": 32,
  "weight_decay": 3.832305045499351e-06,
  "entropy_bonus": 0.05,
  "early_stop_patience": 6,
  "seed": 745
}