{
  "lookback": 60,
  "horizon": 126,
  "stride": 5,
  "epochs": 50,
  "lr": 0.0042083793454074665,
  "hidden": 128,
  "n_layers": 2,
  "dropout": 0.1,
  "batch_size": 32,
  "weight_decay": 4.596079693497438e-05,
  "entropy_bonus": 0.05,
  "early_stop_patience": 10,
  "seed": 8103
}