{
  "lookback": 60,
  "horizon": 252,
  "stride": 5,
  "epochs": 30,
  "lr": 0.0033778630001368944,
  "hidden": 192,
  "n_layers": 3,
  "dropout": 0.05,
  "batch_size": 32,
  "weight_decay": 0.0001309240947077058,
  "entropy_bonus": 0.04,
  "early_stop_patience": 6,
  "seed": 4717
}