{
  "lookback": 60,
  "horizon": 252,
  "stride": 5,
  "epochs": 20,
  "lr": 0.004011564631838432,
  "hidden": 128,
  "n_layers": 2,
  "dropout": 0.30000000000000004,
  "batch_size": 32,
  "weight_decay": 0.00037775527807510647,
  "entropy_bonus": 0.05,
  "early_stop_patience": 6,
  "seed": 8264
}