{
  "lookback": 60,
  "horizon": 252,
  "stride": 5,
  "epochs": 40,
  "lr": 0.004529414678380839,
  "hidden": 256,
  "n_layers": 2,
  "dropout": 0.15000000000000002,
  "batch_size": 32,
  "weight_decay": 1.3083564057702172e-06,
  "entropy_bonus": 0.05,
  "early_stop_patience": 6,
  "seed": 4517
}