{
  "lookback": 60,
  "horizon": 252,
  "stride": 5,
  "epochs": 40,
  "lr": 0.003343456588346898,
  "hidden": 64,
  "n_layers": 2,
  "dropout": 0.30000000000000004,
  "batch_size": 64,
  "weight_decay": 1.3555984274483166e-06,
  "entropy_bonus": 0.05,
  "early_stop_patience": 6,
  "seed": 2613
}