{
  "lookback": 60,
  "horizon": 252,
  "stride": 5,
  "epochs": 30,
  "lr": 0.003059171818788275,
  "hidden": 192,
  "n_layers": 3,
  "dropout": 0.4,
  "batch_size": 32,
  "weight_decay": 1.1978524684746677e-06,
  "entropy_bonus": 0.0,
  "early_stop_patience": 10,
  "seed": 6441
}