{
  "lookback": 60,
  "horizon": 252,
  "stride": 5,
  "epochs": 60,
  "lr": 0.002188104257262519,
  "hidden": 128,
  "n_layers": 3,
  "dropout": 0.05,
  "batch_size": 32,
  "weight_decay": 0.000752904471404688,
  "entropy_bonus": 0.02,
  "early_stop_patience": 10,
  "seed": 6098
}