{
  "lookback": 60,
  "horizon": 252,
  "stride": 5,
  "epochs": 20,
  "lr": 0.0020219885747899172,
  "hidden": 64,
  "n_layers": 2,
  "dropout": 0.30000000000000004,
  "batch_size": 64,
  "weight_decay": 1.171450231883701e-05,
  "entropy_bonus": 0.01,
  "early_stop_patience": 10,
  "seed": 2576
}