{
  "lookback": 60,
  "horizon": 252,
  "stride": 5,
  "epochs": 30,
  "lr": 0.00043096033567936466,
  "hidden": 128,
  "n_layers": 2,
  "dropout": 0.2,
  "batch_size": 64,
  "weight_decay": 7.695942939788661e-05,
  "entropy_bonus": 0.04,
  "early_stop_patience": 10,
  "seed": 1692
}