{
  "lookback": 60,
  "horizon": 252,
  "stride": 5,
  "epochs": 40,
  "lr": 0.003847873633029083,
  "hidden": 256,
  "n_layers": 2,
  "dropout": 0.30000000000000004,
  "batch_size": 128,
  "weight_decay": 4.8671666157300134e-05,
  "entropy_bonus": 0.05,
  "early_stop_patience": 6,
  "seed": 6907
}