{
  "lookback": 60,
  "horizon": 252,
  "stride": 10,
  "epochs": 40,
  "lr": 0.004935512355817871,
  "hidden": 128,
  "n_layers": 3,
  "dropout": 0.05,
  "batch_size": 128,
  "weight_decay": 0.0006585336169944717,
  "entropy_bonus": 0.03,
  "early_stop_patience": 10,
  "seed": 8711
}