{
  "lookback": 60,
  "horizon": 252,
  "stride": 10,
  "epochs": 70,
  "lr": 0.004613141088729924,
  "hidden": 64,
  "n_layers": 3,
  "dropout": 0.0,
  "batch_size": 32,
  "weight_decay": 0.0008491505571253361,
  "entropy_bonus": 0.05,
  "early_stop_patience": 10,
  "seed": 3456
}