{
  "lookback": 60,
  "horizon": 252,
  "stride": 5,
  "epochs": 40,
  "lr": 0.002101972322881047,
  "hidden": 256,
  "n_layers": 2,
  "dropout": 0.30000000000000004,
  "batch_size": 32,
  "weight_decay": 1.5707555699890926e-06,
  "entropy_bonus": 0.05,
  "early_stop_patience": 6,
  "seed": 9724
}