{
  "lookback": 60,
  "horizon": 252,
  "stride": 5,
  "epochs": 20,
  "lr": 0.003245894056145915,
  "hidden": 192,
  "n_layers": 3,
  "dropout": 0.35000000000000003,
  "batch_size": 32,
  "weight_decay": 1.8169957632005612e-06,
  "entropy_bonus": 0.01,
  "early_stop_patience": 6,
  "seed": 6590
}