{
  "lookback": 60,
  "horizon": 252,
  "stride": 5,
  "epochs": 40,
  "lr": 0.0035684119410097728,
  "hidden": 128,
  "n_layers": 2,
  "dropout": 0.30000000000000004,
  "batch_size": 64,
  "weight_decay": 1.632633503848852e-06,
  "entropy_bonus": 0.05,
  "early_stop_patience": 6,
  "seed": 2397
}