{
  "lookback": 60,
  "horizon": 252,
  "stride": 5,
  "epochs": 40,
  "lr": 0.004668079743305662,
  "hidden": 128,
  "n_layers": 2,
  "dropout": 0.25,
  "batch_size": 64,
  "weight_decay": 1.758243362948553e-06,
  "entropy_bonus": 0.05,
  "early_stop_patience": 6,
  "seed": 2199
}