{
  "lookback": 60,
  "horizon": 252,
  "stride": 10,
  "epochs": 80,
  "lr": 0.001698888235903891,
  "hidden": 192,
  "n_layers": 1,
  "dropout": 0.1,
  "batch_size": 64,
  "weight_decay": 8.96711625557443e-06,
  "entropy_bonus": 0.04,
  "early_stop_patience": 6,
  "seed": 9749
}