{
  "lookback": 60,
  "horizon": 252,
  "stride": 5,
  "epochs": 50,
  "lr": 0.00431428913775598,
  "hidden": 256,
  "n_layers": 2,
  "dropout": 0.30000000000000004,
  "batch_size": 128,
  "weight_decay": 1.1412348654855887e-06,
  "entropy_bonus": 0.05,
  "early_stop_patience": 6,
  "seed": 5653
}