{
  "lookback": 60,
  "horizon": 252,
  "stride": 5,
  "epochs": 60,
  "lr": 0.0045095386726805705,
  "hidden": 64,
  "n_layers": 2,
  "dropout": 0.25,
  "batch_size": 32,
  "weight_decay": 1.2145121799052616e-06,
  "entropy_bonus": 0.05,
  "early_stop_patience": 6,
  "seed": 2349
}