{
  "lookback": 60,
  "horizon": 252,
  "stride": 5,
  "epochs": 40,
  "lr": 0.000948492752792272,
  "hidden": 64,
  "n_layers": 2,
  "dropout": 0.30000000000000004,
  "batch_size": 128,
  "weight_decay": 2.4210382595204074e-05,
  "entropy_bonus": 0.05,
  "early_stop_patience": 10,
  "seed": 5459
}