{
  "lookback": 60,
  "horizon": 252,
  "stride": 10,
  "epochs": 80,
  "lr": 0.002145639934190321,
  "hidden": 192,
  "n_layers": 1,
  "dropout": 0.1,
  "batch_size": 64,
  "weight_decay": 6.017102197911145e-06,
  "entropy_bonus": 0.05,
  "early_stop_patience": 6,
  "seed": 9949
}