{
  "lookback": 60,
  "horizon": 126,
  "stride": 5,
  "epochs": 30,
  "lr": 0.0036505055291377385,
  "hidden": 256,
  "n_layers": 2,
  "dropout": 0.30000000000000004,
  "batch_size": 64,
  "weight_decay": 1.316191958506888e-06,
  "entropy_bonus": 0.05,
  "early_stop_patience": 6,
  "seed": 2584
}