{
  "lookback": 60,
  "horizon": 252,
  "stride": 5,
  "epochs": 30,
  "lr": 0.003710795325277989,
  "hidden": 128,
  "n_layers": 2,
  "dropout": 0.15000000000000002,
  "batch_size": 128,
  "weight_decay": 6.134812004744605e-05,
  "entropy_bonus": 0.04,
  "early_stop_patience": 10,
  "seed": 5901
}