{
  "lookback": 60,
  "horizon": 252,
  "stride": 5,
  "epochs": 40,
  "lr": 0.004688153194215941,
  "hidden": 256,
  "n_layers": 3,
  "dropout": 0.15000000000000002,
  "batch_size": 128,
  "weight_decay": 0.00044466556899259855,
  "entropy_bonus": 0.04,
  "early_stop_patience": 6,
  "seed": 6221
}