{
  "lookback": 60,
  "horizon": 63,
  "stride": 10,
  "epochs": 80,
  "lr": 0.0006645474870163836,
  "hidden": 192,
  "n_layers": 2,
  "dropout": 0.2,
  "batch_size": 64,
  "weight_decay": 8.656581176346067e-06,
  "entropy_bonus": 0.05,
  "early_stop_patience": 6,
  "seed": 9721
}