{
  "lookback": 60,
  "horizon": 126,
  "stride": 5,
  "epochs": 30,
  "lr": 0.00012551115172973836,
  "hidden": 64,
  "n_layers": 3,
  "dropout": 0.35000000000000003,
  "batch_size": 32,
  "weight_decay": 8.179499475211674e-06,
  "entropy_bonus": 0.03,
  "early_stop_patience": 6,
  "seed": 6119
}