{
  "lookback": 60,
  "horizon": 252,
  "stride": 10,
  "epochs": 60,
  "lr": 0.004031146138585988,
  "hidden": 192,
  "n_layers": 1,
  "dropout": 0.05,
  "batch_size": 64,
  "weight_decay": 1.1014158455756232e-05,
  "entropy_bonus": 0.05,
  "early_stop_patience": 6,
  "seed": 8536
}