{
  "lookback": 60,
  "horizon": 252,
  "stride": 5,
  "epochs": 40,
  "lr": 0.0045218199540684395,
  "hidden": 192,
  "n_layers": 3,
  "dropout": 0.30000000000000004,
  "batch_size": 32,
  "weight_decay": 1.5796851290668314e-06,
  "entropy_bonus": 0.0,
  "early_stop_patience": 6,
  "seed": 7278
}