{
  "lookback": 60,
  "horizon": 252,
  "stride": 10,
  "epochs": 20,
  "lr": 0.0047499747713783975,
  "hidden": 256,
  "n_layers": 3,
  "dropout": 0.30000000000000004,
  "batch_size": 32,
  "weight_decay": 2.2264204303769692e-06,
  "entropy_bonus": 0.05,
  "early_stop_patience": 6,
  "seed": 635
}