{
  "lookback": 60,
  "horizon": 252,
  "stride": 10,
  "epochs": 60,
  "lr": 0.0030270804302546107,
  "hidden": 192,
  "n_layers": 1,
  "dropout": 0.05,
  "batch_size": 64,
  "weight_decay": 1.138960668388081e-05,
  "entropy_bonus": 0.05,
  "early_stop_patience": 6,
  "seed": 9622
}