{
  "lookback": 60,
  "horizon": 252,
  "stride": 5,
  "epochs": 40,
  "lr": 0.004958818389241642,
  "hidden": 192,
  "n_layers": 3,
  "dropout": 0.4,
  "batch_size": 32,
  "weight_decay": 1.0065001266573942e-05,
  "entropy_bonus": 0.02,
  "early_stop_patience": 6,
  "seed": 8561
}