{
  "lookback": 60,
  "horizon": 63,
  "stride": 5,
  "epochs": 60,
  "lr": 0.003800604511685669,
  "hidden": 256,
  "n_layers": 2,
  "dropout": 0.25,
  "batch_size": 32,
  "weight_decay": 1.242898226647907e-06,
  "entropy_bonus": 0.05,
  "early_stop_patience": 6,
  "seed": 2704
}