{
  "lookback": 60,
  "horizon": 252,
  "stride": 10,
  "epochs": 40,
  "lr": 0.003952006629740623,
  "hidden": 256,
  "n_layers": 2,
  "dropout": 0.25,
  "batch_size": 128,
  "weight_decay": 1.4072049320589526e-06,
  "entropy_bonus": 0.05,
  "early_stop_patience": 6,
  "seed": 248
}