{
  "lookback": 60,
  "horizon": 252,
  "stride": 10,
  "epochs": 70,
  "lr": 0.0019506554213464325,
  "hidden": 192,
  "n_layers": 1,
  "dropout": 0.0,
  "batch_size": 64,
  "weight_decay": 9.894934566089722e-06,
  "entropy_bonus": 0.04,
  "early_stop_patience": 6,
  "seed": 9004
}