{
  "lookback": 60,
  "horizon": 252,
  "stride": 5,
  "epochs": 30,
  "lr": 0.004296942478119622,
  "hidden": 192,
  "n_layers": 3,
  "dropout": 0.0,
  "batch_size": 128,
  "weight_decay": 0.00024705935558000033,
  "entropy_bonus": 0.05,
  "early_stop_patience": 10,
  "seed": 7712
}