{
  "lookback": 60,
  "horizon": 63,
  "stride": 10,
  "epochs": 50,
  "lr": 0.0035888065091076995,
  "hidden": 256,
  "n_layers": 3,
  "dropout": 0.05,
  "batch_size": 128,
  "weight_decay": 0.00011093569415523941,
  "entropy_bonus": 0.03,
  "early_stop_patience": 10,
  "seed": 8644
}