{
  "lookback": 60,
  "horizon": 252,
  "stride": 5,
  "epochs": 40,
  "lr": 0.001691469043082153,
  "hidden": 256,
  "n_layers": 2,
  "dropout": 0.1,
  "batch_size": 128,
  "weight_decay": 0.00022166606792204776,
  "entropy_bonus": 0.03,
  "early_stop_patience": 10,
  "seed": 5202
}