{
  "lookback": 60,
  "horizon": 252,
  "stride": 5,
  "epochs": 50,
  "lr": 0.002187696468678837,
  "hidden": 192,
  "n_layers": 2,
  "dropout": 0.30000000000000004,
  "batch_size": 32,
  "weight_decay": 1.139242470933542e-06,
  "entropy_bonus": 0.05,
  "early_stop_patience": 6,
  "seed": 4344
}