{
  "lookback": 60,
  "horizon": 252,
  "stride": 5,
  "epochs": 30,
  "lr": 0.0034262973960341165,
  "hidden": 192,
  "n_layers": 3,
  "dropout": 0.35000000000000003,
  "batch_size": 32,
  "weight_decay": 1.0849566508453703e-06,
  "entropy_bonus": 0.0,
  "early_stop_patience": 6,
  "seed": 6372
}