{
  "lookback": 60,
  "horizon": 63,
  "stride": 5,
  "epochs": 30,
  "lr": 0.0006785245383889538,
  "hidden": 64,
  "n_layers": 1,
  "dropout": 0.30000000000000004,
  "batch_size": 128,
  "weight_decay": 4.0487788181534125e-05,
  "entropy_bonus": 0.0,
  "early_stop_patience": 6,
  "seed": 1865
}