{
  "lookback": 60,
  "horizon": 252,
  "stride": 5,
  "epochs": 20,
  "lr": 0.002479159247048371,
  "hidden": 64,
  "n_layers": 2,
  "dropout": 0.25,
  "batch_size": 128,
  "weight_decay": 2.894717979655377e-06,
  "entropy_bonus": 0.04,
  "early_stop_patience": 10,
  "seed": 1169
}