{
  "lookback": 60,
  "horizon": 252,
  "stride": 5,
  "epochs": 40,
  "lr": 0.00035481196036603086,
  "hidden": 256,
  "n_layers": 2,
  "dropout": 0.2,
  "batch_size": 32,
  "weight_decay": 1.372229563716786e-06,
  "entropy_bonus": 0.05,
  "early_stop_patience": 10,
  "seed": 3828
}