{
  "lookback": 60,
  "horizon": 252,
  "stride": 5,
  "epochs": 40,
  "lr": 0.003458278724757502,
  "hidden": 256,
  "n_layers": 3,
  "dropout": 0.1,
  "batch_size": 128,
  "weight_decay": 0.0007586307473764363,
  "entropy_bonus": 0.04,
  "early_stop_patience": 6,
  "seed": 6648
}