{
  "lookback": 60,
  "horizon": 252,
  "stride": 5,
  "epochs": 40,
  "lr": 0.004997754103467348,
  "hidden": 256,
  "n_layers": 2,
  "dropout": 0.2,
  "batch_size": 32,
  "weight_decay": 1.5722401285164663e-06,
  "entropy_bonus": 0.0,
  "early_stop_patience": 10,
  "seed": 144
}