{
  "lookback": 60,
  "horizon": 252,
  "stride": 10,
  "epochs": 40,
  "lr": 0.0015184135997075537,
  "hidden": 256,
  "n_layers": 2,
  "dropout": 0.30000000000000004,
  "batch_size": 128,
  "weight_decay": 2.192160650958852e-05,
  "entropy_bonus": 0.04,
  "early_stop_patience": 6,
  "seed": 7615
}