{
  "lookback": 60,
  "horizon": 252,
  "stride": 5,
  "epochs": 40,
  "lr": 0.004545776786043767,
  "hidden": 256,
  "n_layers": 2,
  "dropout": 0.30000000000000004,
  "batch_size": 128,
  "weight_decay": 1.003391807768335e-06,
  "entropy_bonus": 0.02,
  "early_stop_patience": 6,
  "seed": 1281
}