{
  "lookback": 60,
  "horizon": 252,
  "stride": 10,
  "epochs": 70,
  "lr": 0.0016863224068748345,
  "hidden": 192,
  "n_layers": 1,
  "dropout": 0.25,
  "batch_size": 64,
  "weight_decay": 7.914164981730528e-06,
  "entropy_bonus": 0.04,
  "early_stop_patience": 10,
  "seed": 7284
}