{
  "lookback": 60,
  "horizon": 252,
  "stride": 10,
  "epochs": 50,
  "lr": 0.0013068640851019151,
  "hidden": 192,
  "n_layers": 1,
  "dropout": 0.1,
  "batch_size": 64,
  "weight_decay": 4.248217397915032e-06,
  "entropy_bonus": 0.05,
  "early_stop_patience": 10,
  "seed": 6317
}