{
  "lookback": 60,
  "horizon": 252,
  "stride": 5,
  "epochs": 40,
  "lr": 0.001006196943565909,
  "hidden": 256,
  "n_layers": 3,
  "dropout": 0.35000000000000003,
  "batch_size": 32,
  "weight_decay": 4.940740931272372e-06,
  "entropy_bonus": 0.03,
  "early_stop_patience": 6,
  "seed": 1044
}