{
  "lookback": 60,
  "horizon": 252,
  "stride": 5,
  "epochs": 20,
  "lr": 0.0002785440995064581,
  "hidden": 64,
  "n_layers": 3,
  "dropout": 0.15000000000000002,
  "batch_size": 64,
  "weight_decay": 2.529592479547451e-06,
  "entropy_bonus": 0.03,
  "early_stop_patience": 6,
  "seed": 8396
}