{
  "lookback": 60,
  "horizon": 252,
  "stride": 5,
  "epochs": 40,
  "lr": 0.004665285645556026,
  "hidden": 256,
  "n_layers": 1,
  "dropout": 0.25,
  "batch_size": 128,
  "weight_decay": 1.625331519493946e-06,
  "entropy_bonus": 0.01,
  "early_stop_patience": 6,
  "seed": 1011
}