{
  "lookback": 60,
  "horizon": 252,
  "stride": 5,
  "epochs": 40,
  "lr": 0.001037398737813684,
  "hidden": 256,
  "n_layers": 2,
  "dropout": 0.30000000000000004,
  "batch_size": 32,
  "weight_decay": 6.4468192051493395e-06,
  "entropy_bonus": 0.04,
  "early_stop_patience": 10,
  "seed": 2689
}