{
  "lookback": 60,
  "horizon": 126,
  "stride": 10,
  "epochs": 50,
  "lr": 0.0007668424511554493,
  "hidden": 256,
  "n_layers": 2,
  "dropout": 0.4,
  "batch_size": 128,
  "weight_decay": 2.108621008949731e-05,
  "entropy_bonus": 0.04,
  "early_stop_patience": 6,
  "seed": 7930
}