{
  "lookback": 60,
  "horizon": 252,
  "stride": 10,
  "epochs": 70,
  "lr": 0.0012339523894345393,
  "hidden": 256,
  "n_layers": 1,
  "dropout": 0.25,
  "batch_size": 64,
  "weight_decay": 0.0008003127813293985,
  "entropy_bonus": 0.02,
  "early_stop_patience": 10,
  "seed": 7163
}