{
  "lookback": 60,
  "horizon": 126,
  "stride": 5,
  "epochs": 30,
  "lr": 0.003316336834880622,
  "hidden": 128,
  "n_layers": 3,
  "dropout": 0.1,
  "batch_size": 32,
  "weight_decay": 0.00012525319477459018,
  "entropy_bonus": 0.03,
  "early_stop_patience": 10,
  "seed": 6652
}