{
  "lookback": 60,
  "horizon": 252,
  "stride": 10,
  "epochs": 80,
  "lr": 0.0013041410482742854,
  "hidden": 192,
  "n_layers": 1,
  "dropout": 0.15000000000000002,
  "batch_size": 64,
  "weight_decay": 1.9732092605920826e-05,
  "entropy_bonus": 0.04,
  "early_stop_patience": 6,
  "seed": 8701
}