{
  "lookback": 60,
  "horizon": 252,
  "stride": 5,
  "epochs": 70,
  "lr": 0.0025158932042907136,
  "hidden": 256,
  "n_layers": 2,
  "dropout": 0.35000000000000003,
  "batch_size": 128,
  "weight_decay": 1.7242280407429305e-06,
  "entropy_bonus": 0.05,
  "early_stop_patience": 6,
  "seed": 3067
}