{
  "lookback": 60,
  "horizon": 252,
  "stride": 5,
  "epochs": 50,
  "lr": 0.0005552911403407388,
  "hidden": 128,
  "n_layers": 3,
  "dropout": 0.2,
  "batch_size": 32,
  "weight_decay": 0.00042014973381387526,
  "entropy_bonus": 0.04,
  "early_stop_patience": 10,
  "seed": 8381
}