{
  "lookback": 60,
  "horizon": 252,
  "stride": 5,
  "epochs": 70,
  "lr": 0.003955660275025933,
  "hidden": 256,
  "n_layers": 2,
  "dropout": 0.25,
  "batch_size": 128,
  "weight_decay": 0.00014979595340921265,
  "entropy_bonus": 0.05,
  "early_stop_patience": 10,
  "seed": 4734
}