{
  "lookback": 60,
  "horizon": 252,
  "stride": 10,
  "epochs": 70,
  "lr": 0.001496172247135983,
  "hidden": 192,
  "n_layers": 1,
  "dropout": 0.4,
  "batch_size": 64,
  "weight_decay": 6.465883690724674e-06,
  "entropy_bonus": 0.04,
  "early_stop_patience": 6,
  "seed": 6768
}