{
  "lookback": 60,
  "horizon": 252,
  "stride": 5,
  "epochs": 40,
  "lr": 0.004997765144834548,
  "hidden": 256,
  "n_layers": 2,
  "dropout": 0.2,
  "batch_size": 32,
  "weight_decay": 1.3578347174958029e-06,
  "entropy_bonus": 0.05,
  "early_stop_patience": 10,
  "seed": 4647
}