{
  "lookback": 60,
  "horizon": 252,
  "stride": 5,
  "epochs": 70,
  "lr": 0.002409736337490741,
  "hidden": 128,
  "n_layers": 1,
  "dropout": 0.15000000000000002,
  "batch_size": 64,
  "weight_decay": 2.4149302162244992e-05,
  "entropy_bonus": 0.03,
  "early_stop_patience": 6,
  "seed": 8141
}