{
  "lookback": 60,
  "horizon": 252,
  "stride": 5,
  "epochs": 60,
  "lr": 0.0020483455965160844,
  "hidden": 128,
  "n_layers": 3,
  "dropout": 0.05,
  "batch_size": 32,
  "weight_decay": 6.972049548361536e-05,
  "entropy_bonus": 0.04,
  "early_stop_patience": 10,
  "seed": 5367
}