{
  "lookback": 60,
  "horizon": 63,
  "stride": 10,
  "epochs": 80,
  "lr": 0.0040883563741251515,
  "hidden": 256,
  "n_layers": 2,
  "dropout": 0.4,
  "batch_size": 128,
  "weight_decay": 0.0003035682321335373,
  "entropy_bonus": 0.05,
  "early_stop_patience": 10,
  "seed": 129
}