{
  "lookback": 60,
  "horizon": 252,
  "stride": 5,
  "epochs": 40,
  "lr": 0.004999750703236351,
  "hidden": 256,
  "n_layers": 3,
  "dropout": 0.15000000000000002,
  "batch_size": 128,
  "weight_decay": 0.0006024904309168651,
  "entropy_bonus": 0.0,
  "early_stop_patience": 6,
  "seed": 5462
}