{
  "lookback": 60,
  "horizon": 252,
  "stride": 5,
  "epochs": 30,
  "lr": 0.004310058404109523,
  "hidden": 256,
  "n_layers": 2,
  "dropout": 0.30000000000000004,
  "batch_size": 128,
  "weight_decay": 1.0008012799628589e-06,
  "entropy_bonus": 0.05,
  "early_stop_patience": 10,
  "seed": 5999
}