{
  "lookback": 60,
  "horizon": 252,
  "stride": 5,
  "epochs": 40,
  "lr": 0.002407074223207882,
  "hidden": 256,
  "n_layers": 3,
  "dropout": 0.1,
  "batch_size": 128,
  "weight_decay": 0.0009913153082765124,
  "entropy_bonus": 0.04,
  "early_stop_patience": 6,
  "seed": 5751
}