{
  "lookback": 60,
  "horizon": 252,
  "stride": 5,
  "epochs": 50,
  "lr": 0.0021619426206948298,
  "hidden": 256,
  "n_layers": 2,
  "dropout": 0.15000000000000002,
  "batch_size": 32,
  "weight_decay": 2.0037491921663155e-06,
  "entropy_bonus": 0.05,
  "early_stop_patience": 6,
  "seed": 5177
}