{
  "lookback": 60,
  "horizon": 252,
  "stride": 5,
  "epochs": 60,
  "lr": 0.002823390966018913,
  "hidden": 256,
  "n_layers": 2,
  "dropout": 0.25,
  "batch_size": 32,
  "weight_decay": 2.057661098354743e-06,
  "entropy_bonus": 0.05,
  "early_stop_patience": 6,
  "seed": 2827
}