{
  "lookback": 60,
  "horizon": 252,
  "stride": 10,
  "epochs": 70,
  "lr": 0.0014353470392165447,
  "hidden": 192,
  "n_layers": 1,
  "dropout": 0.25,
  "batch_size": 64,
  "weight_decay": 2.698773194396134e-05,
  "entropy_bonus": 0.03,
  "early_stop_patience": 10,
  "seed": 8338
}