{
  "lookback": 60,
  "horizon": 252,
  "stride": 5,
  "epochs": 30,
  "lr": 0.002681119161711125,
  "hidden": 128,
  "n_layers": 3,
  "dropout": 0.1,
  "batch_size": 128,
  "weight_decay": 1.626440618846455e-05,
  "entropy_bonus": 0.04,
  "early_stop_patience": 10,
  "seed": 6660
}