{
  "lookback": 60,
  "horizon": 252,
  "stride": 10,
  "epochs": 70,
  "lr": 0.0022173162023516033,
  "hidden": 192,
  "n_layers": 1,
  "dropout": 0.0,
  "batch_size": 64,
  "weight_decay": 1.4243934798988143e-05,
  "entropy_bonus": 0.04,
  "early_stop_patience": 6,
  "seed": 7951
}