{
  "lookback": 60,
  "horizon": 252,
  "stride": 5,
  "epochs": 50,
  "lr": 0.0007652290084872247,
  "hidden": 256,
  "n_layers": 2,
  "dropout": 0.35000000000000003,
  "batch_size": 32,
  "weight_decay": 3.903506343804112e-06,
  "entropy_bonus": 0.05,
  "early_stop_patience": 6,
  "seed": 733
}