{
  "lookback": 60,
  "horizon": 126,
  "stride": 10,
  "epochs": 60,
  "lr": 0.0008855436320518153,
  "hidden": 192,
  "n_layers": 2,
  "dropout": 0.05,
  "batch_size": 128,
  "weight_decay": 3.184314677238527e-05,
  "entropy_bonus": 0.04,
  "early_stop_patience": 6,
  "seed": 6789
}