{
  "lookback": 60,
  "horizon": 252,
  "stride": 5,
  "epochs": 30,
  "lr": 0.004706864513027252,
  "hidden": 192,
  "n_layers": 2,
  "dropout": 0.30000000000000004,
  "batch_size": 128,
  "weight_decay": 1.1299672946738265e-06,
  "entropy_bonus": 0.05,
  "early_stop_patience": 6,
  "seed": 1391
}