{
  "lookback": 60,
  "horizon": 252,
  "stride": 5,
  "epochs": 50,
  "lr": 0.004984138108414042,
  "hidden": 256,
  "n_layers": 2,
  "dropout": 0.2,
  "batch_size": 32,
  "weight_decay": 1.5447796082713584e-06,
  "entropy_bonus": 0.05,
  "early_stop_patience": 10,
  "seed": 5095
}