{
  "lookback": 60,
  "horizon": 63,
  "stride": 5,
  "epochs": 40,
  "lr": 0.004981411965595691,
  "hidden": 256,
  "n_layers": 2,
  "dropout": 0.35000000000000003,
  "batch_size": 128,
  "weight_decay": 1.0198829269924256e-06,
  "entropy_bonus": 0.05,
  "early_stop_patience": 10,
  "seed": 314
}