{
  "lookback": 60,
  "horizon": 252,
  "stride": 5,
  "epochs": 60,
  "lr": 0.0035188751517341017,
  "hidden": 192,
  "n_layers": 2,
  "dropout": 0.30000000000000004,
  "batch_size": 32,
  "weight_decay": 2.582646540991891e-06,
  "entropy_bonus": 0.05,
  "early_stop_patience": 6,
  "seed": 1630
}