{
  "lookback": 60,
  "horizon": 126,
  "stride": 10,
  "epochs": 60,
  "lr": 0.0034937710577309573,
  "hidden": 192,
  "n_layers": 1,
  "dropout": 0.05,
  "batch_size": 128,
  "weight_decay": 1.0434548061280307e-05,
  "entropy_bonus": 0.05,
  "early_stop_patience": 6,
  "seed": 5378
}