{
  "lookback": 60,
  "horizon": 252,
  "stride": 5,
  "epochs": 60,
  "lr": 0.001748811003179554,
  "hidden": 128,
  "n_layers": 3,
  "dropout": 0.05,
  "batch_size": 32,
  "weight_decay": 0.0009914746434273797,
  "entropy_bonus": 0.04,
  "early_stop_patience": 10,
  "seed": 5593
}