{
  "lookback": 60,
  "horizon": 252,
  "stride": 5,
  "epochs": 30,
  "lr": 0.001832321967455176,
  "hidden": 128,
  "n_layers": 1,
  "dropout": 0.35000000000000003,
  "batch_size": 64,
  "weight_decay": 0.00032086821697510225,
  "entropy_bonus": 0.05,
  "early_stop_patience": 6,
  "seed": 4008
}