{
  "lookback": 60,
  "horizon": 252,
  "stride": 5,
  "epochs": 40,
  "lr": 0.004210782289345085,
  "hidden": 256,
  "n_layers": 2,
  "dropout": 0.25,
  "batch_size": 64,
  "weight_decay": 1.2989315626974938e-06,
  "entropy_bonus": 0.05,
  "early_stop_patience": 6,
  "seed": 1640
}