{
  "lookback": 60,
  "horizon": 252,
  "stride": 5,
  "epochs": 40,
  "lr": 0.0041620268755136304,
  "hidden": 256,
  "n_layers": 2,
  "dropout": 0.30000000000000004,
  "batch_size": 128,
  "weight_decay": 1.2314904475830117e-06,
  "entropy_bonus": 0.05,
  "early_stop_patience": 6,
  "seed": 27
}