{
  "lookback": 60,
  "horizon": 63,
  "stride": 5,
  "epochs": 30,
  "lr": 0.0049457094764735615,
  "hidden": 192,
  "n_layers": 3,
  "dropout": 0.15000000000000002,
  "batch_size": 128,
  "weight_decay": 0.0001485027901585607,
  "entropy_bonus": 0.05,
  "early_stop_patience": 10,
  "seed": 8163
}