{
  "lookback": 60,
  "horizon": 126,
  "stride": 5,
  "epochs": 40,
  "lr": 0.002336448975279691,
  "hidden": 256,
  "n_layers": 2,
  "dropout": 0.30000000000000004,
  "batch_size": 64,
  "weight_decay": 1.0089249947976745e-06,
  "entropy_bonus": 0.05,
  "early_stop_patience": 6,
  "seed": 4768
}