{
  "lookback": 60,
  "horizon": 252,
  "stride": 10,
  "epochs": 70,
  "lr": 0.0025430602830916397,
  "hidden": 64,
  "n_layers": 1,
  "dropout": 0.2,
  "batch_size": 32,
  "weight_decay": 1.3058059988587522e-05,
  "entropy_bonus": 0.04,
  "early_stop_patience": 6,
  "seed": 9978
}