{
  "lookback": 60,
  "horizon": 252,
  "stride": 5,
  "epochs": 40,
  "lr": 0.0006751560807601227,
  "hidden": 256,
  "n_layers": 2,
  "dropout": 0.30000000000000004,
  "batch_size": 32,
  "weight_decay": 6.759573062275073e-06,
  "entropy_bonus": 0.05,
  "early_stop_patience": 6,
  "seed": 1907
}