{
  "lookback": 60,
  "horizon": 252,
  "stride": 10,
  "epochs": 60,
  "lr": 0.0013208371349095233,
  "hidden": 128,
  "n_layers": 3,
  "dropout": 0.0,
  "batch_size": 32,
  "weight_decay": 1.2495546828104417e-05,
  "entropy_bonus": 0.05,
  "early_stop_patience": 10,
  "seed": 1386
}