{
  "lookback": 60,
  "horizon": 252,
  "stride": 10,
  "epochs": 40,
  "lr": 0.002914803478215612,
  "hidden": 128,
  "n_layers": 3,
  "dropout": 0.2,
  "batch_size": 128,
  "weight_decay": 0.00020309517079061988,
  "entropy_bonus": 0.05,
  "early_stop_patience": 10,
  "seed": 9571
}