{
  "lookback": 60,
  "horizon": 252,
  "stride": 10,
  "epochs": 70,
  "lr": 0.002204423621250338,
  "hidden": 192,
  "n_layers": 1,
  "dropout": 0.05,
  "batch_size": 64,
  "weight_decay": 1.8551601108284306e-05,
  "entropy_bonus": 0.04,
  "early_stop_patience": 6,
  "seed": 9546
}