{
  "lookback": 60,
  "horizon": 252,
  "stride": 5,
  "epochs": 30,
  "lr": 0.0030816078009561283,
  "hidden": 192,
  "n_layers": 3,
  "dropout": 0.25,
  "batch_size": 32,
  "weight_decay": 2.2731440725846447e-06,
  "entropy_bonus": 0.0,
  "early_stop_patience": 6,
  "seed": 6302
}