{
  "lookback": 60,
  "horizon": 252,
  "stride": 5,
  "epochs": 50,
  "lr": 0.004569355398994645,
  "hidden": 256,
  "n_layers": 2,
  "dropout": 0.25,
  "batch_size": 128,
  "weight_decay": 8.135479573322574e-05,
  "entropy_bonus": 0.05,
  "early_stop_patience": 10,
  "seed": 4718
}