{
  "lookback": 60,
  "horizon": 252,
  "stride": 5,
  "epochs": 30,
  "lr": 0.0005222890138527739,
  "hidden": 192,
  "n_layers": 2,
  "dropout": 0.4,
  "batch_size": 32,
  "weight_decay": 1.0429818140970845e-06,
  "entropy_bonus": 0.05,
  "early_stop_patience": 6,
  "seed": 2212
}