{
  "lookback": 60,
  "horizon": 252,
  "stride": 5,
  "epochs": 30,
  "lr": 0.0034482223638680988,
  "hidden": 128,
  "n_layers": 3,
  "dropout": 0.15000000000000002,
  "batch_size": 128,
  "weight_decay": 0.00019414758013221344,
  "entropy_bonus": 0.04,
  "early_stop_patience": 10,
  "seed": 7874
}