{
  "lookback": 60,
  "horizon": 252,
  "stride": 5,
  "epochs": 40,
  "lr": 0.0035027885617364817,
  "hidden": 192,
  "n_layers": 2,
  "dropout": 0.25,
  "batch_size": 128,
  "weight_decay": 0.00020480730669121246,
  "entropy_bonus": 0.05,
  "early_stop_patience": 10,
  "seed": 4915
}