{
  "lookback": 60,
  "horizon": 252,
  "stride": 5,
  "epochs": 60,
  "lr": 0.00010253355962721594,
  "hidden": 256,
  "n_layers": 2,
  "dropout": 0.30000000000000004,
  "batch_size": 128,
  "weight_decay": 1.8350159804134333e-06,
  "entropy_bonus": 0.02,
  "early_stop_patience": 10,
  "seed": 9338
}