{
  "lookback": 60,
  "horizon": 126,
  "stride": 5,
  "epochs": 30,
  "lr": 0.0002232933431227992,
  "hidden": 256,
  "n_layers": 3,
  "dropout": 0.15000000000000002,
  "batch_size": 32,
  "weight_decay": 8.474740861507012e-05,
  "entropy_bonus": 0.01,
  "early_stop_patience": 10,
  "seed": 5236
}