{
  "lookback": 60,
  "horizon": 252,
  "stride": 5,
  "epochs": 40,
  "lr": 0.0011634013652670162,
  "hidden": 256,
  "n_layers": 2,
  "dropout": 0.4,
  "batch_size": 32,
  "weight_decay": 1.1404998713034345e-05,
  "entropy_bonus": 0.05,
  "early_stop_patience": 6,
  "seed": 567
}