{
  "lookback": 60,
  "horizon": 252,
  "stride": 10,
  "epochs": 70,
  "lr": 0.001774148093588277,
  "hidden": 256,
  "n_layers": 2,
  "dropout": 0.25,
  "batch_size": 64,
  "weight_decay": 6.459565041754609e-06,
  "entropy_bonus": 0.03,
  "early_stop_patience": 6,
  "seed": 9253
}