{
  "lookback": 60,
  "horizon": 252,
  "stride": 5,
  "epochs": 30,
  "lr": 0.0049443159973041415,
  "hidden": 256,
  "n_layers": 2,
  "dropout": 0.30000000000000004,
  "batch_size": 128,
  "weight_decay": 1.1734495311132812e-06,
  "entropy_bonus": 0.0,
  "early_stop_patience": 6,
  "seed": 1169
}