{
  "lookback": 60,
  "horizon": 252,
  "stride": 10,
  "epochs": 60,
  "lr": 0.0012040707422197369,
  "hidden": 192,
  "n_layers": 1,
  "dropout": 0.1,
  "batch_size": 64,
  "weight_decay": 2.1675478428260325e-05,
  "entropy_bonus": 0.05,
  "early_stop_patience": 6,
  "seed": 9154
}