{
  "lookback": 60,
  "horizon": 63,
  "stride": 5,
  "epochs": 60,
  "lr": 0.004117119210238985,
  "hidden": 256,
  "n_layers": 2,
  "dropout": 0.25,
  "batch_size": 32,
  "weight_decay": 2.394068207225898e-06,
  "entropy_bonus": 0.05,
  "early_stop_patience": 6,
  "seed": 6781
}