{
  "lookback": 60,
  "horizon": 252,
  "stride": 5,
  "epochs": 70,
  "lr": 0.0033456070957158545,
  "hidden": 128,
  "n_layers": 3,
  "dropout": 0.35000000000000003,
  "batch_size": 32,
  "weight_decay": 3.5089996876599734e-06,
  "entropy_bonus": 0.0,
  "early_stop_patience": 6,
  "seed": 7442
}