{
  "lookback": 60,
  "horizon": 252,
  "stride": 5,
  "epochs": 30,
  "lr": 0.0032346494264883577,
  "hidden": 128,
  "n_layers": 2,
  "dropout": 0.30000000000000004,
  "batch_size": 32,
  "weight_decay": 2.753164696714903e-05,
  "entropy_bonus": 0.05,
  "early_stop_patience": 6,
  "seed": 9135
}