{
  "lookback": 60,
  "horizon": 252,
  "stride": 5,
  "epochs": 30,
  "lr": 0.00043158419223853135,
  "hidden": 256,
  "n_layers": 2,
  "dropout": 0.4,
  "batch_size": 32,
  "weight_decay": 6.0344731195313006e-06,
  "entropy_bonus": 0.05,
  "early_stop_patience": 6,
  "seed": 210
}