{
  "lookback": 60,
  "horizon": 252,
  "stride": 10,
  "epochs": 70,
  "lr": 0.00197928395284648,
  "hidden": 192,
  "n_layers": 1,
  "dropout": 0.2,
  "batch_size": 64,
  "weight_decay": 2.045427784419054e-06,
  "entropy_bonus": 0.03,
  "early_stop_patience": 6,
  "seed": 7373
}