{
  "lookback": 60,
  "horizon": 252,
  "stride": 5,
  "epochs": 80,
  "lr": 0.00016193665280625076,
  "hidden": 128,
  "n_layers": 3,
  "dropout": 0.25,
  "batch_size": 32,
  "weight_decay": 5.7921379064659275e-06,
  "entropy_bonus": 0.01,
  "early_stop_patience": 6,
  "seed": 8414
}