{
  "lookback": 60,
  "horizon": 252,
  "stride": 5,
  "epochs": 50,
  "lr": 0.0004548732002723572,
  "hidden": 256,
  "n_layers": 2,
  "dropout": 0.35000000000000003,
  "batch_size": 32,
  "weight_decay": 1.2588755860361697e-06,
  "entropy_bonus": 0.05,
  "early_stop_patience": 6,
  "seed": 1369
}