{
  "lookback": 60,
  "horizon": 252,
  "stride": 5,
  "epochs": 50,
  "lr": 0.002782225676542023,
  "hidden": 128,
  "n_layers": 3,
  "dropout": 0.2,
  "batch_size": 128,
  "weight_decay": 0.00020049178646722234,
  "entropy_bonus": 0.05,
  "early_stop_patience": 10,
  "seed": 6410
}