{
  "lookback": 60,
  "horizon": 252,
  "stride": 5,
  "epochs": 30,
  "lr": 0.0006909538612223332,
  "hidden": 64,
  "n_layers": 2,
  "dropout": 0.4,
  "batch_size": 32,
  "weight_decay": 1.7413152857109235e-06,
  "entropy_bonus": 0.04,
  "early_stop_patience": 10,
  "seed": 2379
}