{
  "lookback": 60,
  "horizon": 252,
  "stride": 5,
  "epochs": 30,
  "lr": 0.004309330150774294,
  "hidden": 256,
  "n_layers": 2,
  "dropout": 0.25,
  "batch_size": 128,
  "weight_decay": 4.806035243006872e-06,
  "entropy_bonus": 0.05,
  "early_stop_patience": 10,
  "seed": 5579
}