{
  "lookback": 60,
  "horizon": 252,
  "stride": 5,
  "epochs": 20,
  "lr": 0.002481003869559069,
  "hidden": 192,
  "n_layers": 2,
  "dropout": 0.25,
  "batch_size": 128,
  "weight_decay": 1.2931243895244462e-05,
  "entropy_bonus": 0.02,
  "early_stop_patience": 10,
  "seed": 2953
}