{
  "lookback": 60,
  "horizon": 252,
  "stride": 5,
  "epochs": 30,
  "lr": 0.0037383428940794138,
  "hidden": 128,
  "n_layers": 3,
  "dropout": 0.15000000000000002,
  "batch_size": 128,
  "weight_decay": 7.674226005034776e-05,
  "entropy_bonus": 0.04,
  "early_stop_patience": 10,
  "seed": 5752
}