{
  "lookback": 60,
  "horizon": 252,
  "stride": 5,
  "epochs": 40,
  "lr": 0.004319587974675771,
  "hidden": 128,
  "n_layers": 2,
  "dropout": 0.25,
  "batch_size": 64,
  "weight_decay": 2.0921642696909205e-06,
  "entropy_bonus": 0.05,
  "early_stop_patience": 6,
  "seed": 1296
}