{
  "lookback": 60,
  "horizon": 252,
  "stride": 5,
  "epochs": 30,
  "lr": 0.0006115350023179313,
  "hidden": 256,
  "n_layers": 3,
  "dropout": 0.4,
  "batch_size": 32,
  "weight_decay": 8.068835780461086e-06,
  "entropy_bonus": 0.05,
  "early_stop_patience": 6,
  "seed": 550
}