{
  "lookback": 60,
  "horizon": 252,
  "stride": 5,
  "epochs": 70,
  "lr": 0.0017978175151879845,
  "hidden": 128,
  "n_layers": 3,
  "dropout": 0.0,
  "batch_size": 32,
  "weight_decay": 0.0008515254630509697,
  "entropy_bonus": 0.04,
  "early_stop_patience": 10,
  "seed": 5523
}