{
  "lookback": 60,
  "horizon": 252,
  "stride": 5,
  "epochs": 60,
  "lr": 0.0033327463917050726,
  "hidden": 128,
  "n_layers": 3,
  "dropout": 0.0,
  "batch_size": 32,
  "weight_decay": 8.895763689955059e-05,
  "entropy_bonus": 0.04,
  "early_stop_patience": 10,
  "seed": 2254
}