{
  "lookback": 60,
  "horizon": 252,
  "stride": 5,
  "epochs": 40,
  "lr": 0.0030326554898996317,
  "hidden": 256,
  "n_layers": 3,
  "dropout": 0.1,
  "batch_size": 128,
  "weight_decay": 0.0009691652550280506,
  "entropy_bonus": 0.04,
  "early_stop_patience": 6,
  "seed": 5702
}