{
  "lookback": 60,
  "horizon": 252,
  "stride": 5,
  "epochs": 40,
  "lr": 0.003936546166123521,
  "hidden": 256,
  "n_layers": 2,
  "dropout": 0.25,
  "batch_size": 128,
  "weight_decay": 1.6867576540633532e-06,
  "entropy_bonus": 0.05,
  "early_stop_patience": 10,
  "seed": 4817
}