{
  "lookback": 60,
  "horizon": 252,
  "stride": 5,
  "epochs": 40,
  "lr": 0.004607745754557959,
  "hidden": 256,
  "n_layers": 2,
  "dropout": 0.2,
  "batch_size": 64,
  "weight_decay": 1.6640991982775212e-06,
  "entropy_bonus": 0.05,
  "early_stop_patience": 10,
  "seed": 2795
}