{
  "lookback": 60,
  "horizon": 252,
  "stride": 5,
  "epochs": 40,
  "lr": 0.004342033042545755,
  "hidden": 256,
  "n_layers": 2,
  "dropout": 0.30000000000000004,
  "batch_size": 64,
  "weight_decay": 1.8270962219237644e-06,
  "entropy_bonus": 0.05,
  "early_stop_patience": 6,
  "seed": 1882
}