{
  "lookback": 60,
  "horizon": 252,
  "stride": 5,
  "epochs": 40,
  "lr": 0.004446619285752667,
  "hidden": 256,
  "n_layers": 3,
  "dropout": 0.1,
  "batch_size": 128,
  "weight_decay": 0.0007873791154335538,
  "entropy_bonus": 0.01,
  "early_stop_patience": 6,
  "seed": 6874
}