{
  "lookback": 60,
  "horizon": 252,
  "stride": 5,
  "epochs": 50,
  "lr": 0.0026957773401732475,
  "hidden": 256,
  "n_layers": 2,
  "dropout": 0.30000000000000004,
  "batch_size": 32,
  "weight_decay": 2.6282192537537102e-05,
  "entropy_bonus": 0.01,
  "early_stop_patience": 6,
  "seed": 2013
}