{
  "lookback": 60,
  "horizon": 126,
  "stride": 10,
  "epochs": 20,
  "lr": 0.004953401200285888,
  "hidden": 64,
  "n_layers": 3,
  "dropout": 0.30000000000000004,
  "batch_size": 64,
  "weight_decay": 4.535347086618173e-06,
  "entropy_bonus": 0.03,
  "early_stop_patience": 6,
  "seed": 6049
}