{
  "lookback": 60,
  "horizon": 252,
  "stride": 5,
  "epochs": 40,
  "lr": 0.003697145152383518,
  "hidden": 64,
  "n_layers": 3,
  "dropout": 0.2,
  "batch_size": 32,
  "weight_decay": 0.0006338186947686841,
  "entropy_bonus": 0.05,
  "early_stop_patience": 10,
  "seed": 3206
}