{
  "lookback": 60,
  "horizon": 252,
  "stride": 5,
  "epochs": 30,
  "lr": 0.001451910616930101,
  "hidden": 256,
  "n_layers": 2,
  "dropout": 0.30000000000000004,
  "batch_size": 32,
  "weight_decay": 9.086208372505859e-06,
  "entropy_bonus": 0.04,
  "early_stop_patience": 6,
  "seed": 1877
}