{
  "lookback": 60,
  "horizon": 252,
  "stride": 5,
  "epochs": 60,
  "lr": 0.0020913546497484327,
  "hidden": 128,
  "n_layers": 3,
  "dropout": 0.05,
  "batch_size": 32,
  "weight_decay": 0.0009863379494994286,
  "entropy_bonus": 0.04,
  "early_stop_patience": 10,
  "seed": 5478
}