{
  "lookback": 60,
  "horizon": 252,
  "stride": 10,
  "epochs": 60,
  "lr": 0.0023614889813732697,
  "hidden": 192,
  "n_layers": 1,
  "dropout": 0.05,
  "batch_size": 64,
  "weight_decay": 6.198254061967843e-06,
  "entropy_bonus": 0.0,
  "early_stop_patience": 6,
  "seed": 9288
}