{
  "lookback": 60,
  "horizon": 252,
  "stride": 5,
  "epochs": 40,
  "lr": 0.000462151473047895,
  "hidden": 256,
  "n_layers": 2,
  "dropout": 0.4,
  "batch_size": 32,
  "weight_decay": 5.461002013083298e-06,
  "entropy_bonus": 0.05,
  "early_stop_patience": 6,
  "seed": 11
}