{
  "lookback": 60,
  "horizon": 63,
  "stride": 10,
  "epochs": 40,
  "lr": 0.0022607857479080163,
  "hidden": 256,
  "n_layers": 2,
  "dropout": 0.1,
  "batch_size": 128,
  "weight_decay": 3.883833336938681e-06,
  "entropy_bonus": 0.03,
  "early_stop_patience": 10,
  "seed": 9974
}