{
  "lookback": 60,
  "horizon": 252,
  "stride": 5,
  "epochs": 40,
  "lr": 0.004337873061379869,
  "hidden": 256,
  "n_layers": 2,
  "dropout": 0.25,
  "batch_size": 128,
  "weight_decay": 3.3601788375112364e-05,
  "entropy_bonus": 0.05,
  "early_stop_patience": 10,
  "seed": 551
}