{
  "lookback": 60,
  "horizon": 252,
  "stride": 5,
  "epochs": 50,
  "lr": 0.0026675445889961444,
  "hidden": 256,
  "n_layers": 3,
  "dropout": 0.15000000000000002,
  "batch_size": 128,
  "weight_decay": 0.00028434920945966455,
  "entropy_bonus": 0.05,
  "early_stop_patience": 10,
  "seed": 4970
}