{
  "lookback": 60,
  "horizon": 252,
  "stride": 10,
  "epochs": 50,
  "lr": 0.0003346760232449837,
  "hidden": 256,
  "n_layers": 2,
  "dropout": 0.35000000000000003,
  "batch_size": 32,
  "weight_decay": 2.801884827067858e-06,
  "entropy_bonus": 0.04,
  "early_stop_patience": 6,
  "seed": 3086
}