{
  "lookback": 60,
  "horizon": 252,
  "stride": 5,
  "epochs": 80,
  "lr": 0.004998829886978474,
  "hidden": 256,
  "n_layers": 2,
  "dropout": 0.30000000000000004,
  "batch_size": 128,
  "weight_decay": 1.1305760838652187e-06,
  "entropy_bonus": 0.05,
  "early_stop_patience": 10,
  "seed": 744
}