{
  "lookback": 60,
  "horizon": 63,
  "stride": 5,
  "epochs": 40,
  "lr": 0.0039999065503347735,
  "hidden": 128,
  "n_layers": 3,
  "dropout": 0.2,
  "batch_size": 128,
  "weight_decay": 0.00046220774638296717,
  "entropy_bonus": 0.02,
  "early_stop_patience": 10,
  "seed": 805
}