{
  "lookback": 60,
  "horizon": 126,
  "stride": 10,
  "epochs": 50,
  "lr": 0.000970007360330941,
  "hidden": 256,
  "n_layers": 2,
  "dropout": 0.15000000000000002,
  "batch_size": 128,
  "weight_decay": 1.4082011401314744e-05,
  "entropy_bonus": 0.04,
  "early_stop_patience": 6,
  "seed": 9990
}