{
  "lookback": 60,
  "horizon": 252,
  "stride": 10,
  "epochs": 70,
  "lr": 0.001876936236754306,
  "hidden": 192,
  "n_layers": 1,
  "dropout": 0.05,
  "batch_size": 64,
  "weight_decay": 7.796327091067206e-06,
  "entropy_bonus": 0.04,
  "early_stop_patience": 6,
  "seed": 6502
}