{
  "lookback": 60,
  "horizon": 252,
  "stride": 5,
  "epochs": 70,
  "lr": 0.003871779458612998,
  "hidden": 256,
  "n_layers": 2,
  "dropout": 0.25,
  "batch_size": 128,
  "weight_decay": 2.9858869617652156e-06,
  "entropy_bonus": 0.05,
  "early_stop_patience": 6,
  "seed": 2637
}