{
  "lookback": 60,
  "horizon": 252,
  "stride": 5,
  "epochs": 20,
  "lr": 0.0041893144267588145,
  "hidden": 192,
  "n_layers": 3,
  "dropout": 0.30000000000000004,
  "batch_size": 32,
  "weight_decay": 1.4540438618389156e-06,
  "entropy_bonus": 0.0,
  "early_stop_patience": 6,
  "seed": 5742
}