{
  "lookback": 60,
  "horizon": 252,
  "stride": 5,
  "epochs": 40,
  "lr": 0.0005753181831041589,
  "hidden": 256,
  "n_layers": 2,
  "dropout": 0.25,
  "batch_size": 64,
  "weight_decay": 3.3091098009246446e-06,
  "entropy_bonus": 0.05,
  "early_stop_patience": 10,
  "seed": 4427
}