{
  "lookback": 60,
  "horizon": 252,
  "stride": 10,
  "epochs": 70,
  "lr": 0.0017543302294419079,
  "hidden": 256,
  "n_layers": 1,
  "dropout": 0.2,
  "batch_size": 64,
  "weight_decay": 9.17382678686806e-06,
  "entropy_bonus": 0.04,
  "early_stop_patience": 10,
  "seed": 7557
}