{
  "lookback": 60,
  "horizon": 252,
  "stride": 10,
  "epochs": 70,
  "lr": 0.0019749585725389665,
  "hidden": 192,
  "n_layers": 1,
  "dropout": 0.05,
  "batch_size": 64,
  "weight_decay": 1.4796840094125166e-05,
  "entropy_bonus": 0.04,
  "early_stop_patience": 6,
  "seed": 8904
}