{
  "lookback": 60,
  "horizon": 252,
  "stride": 5,
  "epochs": 40,
  "lr": 0.003738106521436004,
  "hidden": 128,
  "n_layers": 3,
  "dropout": 0.30000000000000004,
  "batch_size": 64,
  "weight_decay": 0.00013014373743685625,
  "entropy_bonus": 0.04,
  "early_stop_patience": 10,
  "seed": 7887
}