{
  "lookback": 60,
  "horizon": 252,
  "stride": 10,
  "epochs": 20,
  "lr": 0.00039557818341692824,
  "hidden": 256,
  "n_layers": 1,
  "dropout": 0.0,
  "batch_size": 64,
  "weight_decay": 4.464030995588813e-06,
  "entropy_bonus": 0.02,
  "early_stop_patience": 6,
  "seed": 9483
}