{
  "lookback": 60,
  "horizon": 63,
  "stride": 10,
  "epochs": 40,
  "lr": 0.0021623624699493903,
  "hidden": 192,
  "n_layers": 1,
  "dropout": 0.05,
  "batch_size": 64,
  "weight_decay": 6.755486965307171e-06,
  "entropy_bonus": 0.04,
  "early_stop_patience": 6,
  "seed": 9298
}