{
  "lookback": 60,
  "horizon": 252,
  "stride": 5,
  "epochs": 60,
  "lr": 0.00024266217951606671,
  "hidden": 128,
  "n_layers": 2,
  "dropout": 0.2,
  "batch_size": 64,
  "weight_decay": 0.00020766244840873525,
  "entropy_bonus": 0.04,
  "early_stop_patience": 10,
  "seed": 3492
}