{
  "lookback": 60,
  "horizon": 252,
  "stride": 5,
  "epochs": 20,
  "lr": 0.002949865051704516,
  "hidden": 128,
  "n_layers": 3,
  "dropout": 0.30000000000000004,
  "batch_size": 32,
  "weight_decay": 1.0005686236559432e-06,
  "entropy_bonus": 0.01,
  "early_stop_patience": 6,
  "seed": 6970
}