{
  "lookback": 60,
  "horizon": 252,
  "stride": 5,
  "epochs": 40,
  "lr": 0.004536742063617392,
  "hidden": 256,
  "n_layers": 2,
  "dropout": 0.25,
  "batch_size": 64,
  "weight_decay": 1.6066519674279335e-06,
  "entropy_bonus": 0.05,
  "early_stop_patience": 6,
  "seed": 2281
}