{
  "lookback": 60,
  "horizon": 63,
  "stride": 5,
  "epochs": 70,
  "lr": 0.0010436073317137088,
  "hidden": 64,
  "n_layers": 3,
  "dropout": 0.2,
  "batch_size": 64,
  "weight_decay": 1.6393949703238127e-05,
  "entropy_bonus": 0.04,
  "early_stop_patience": 6,
  "seed": 63
}