{
  "lookback": 60,
  "horizon": 252,
  "stride": 10,
  "epochs": 30,
  "lr": 0.004566624199270735,
  "hidden": 64,
  "n_layers": 3,
  "dropout": 0.15000000000000002,
  "batch_size": 128,
  "weight_decay": 0.0009294419635752204,
  "entropy_bonus": 0.05,
  "early_stop_patience": 6,
  "seed": 8070
}