{
  "lookback": 60,
  "horizon": 252,
  "stride": 5,
  "epochs": 40,
  "lr": 0.004721483793475398,
  "hidden": 256,
  "n_layers": 2,
  "dropout": 0.30000000000000004,
  "batch_size": 128,
  "weight_decay": 1.0107549864219807e-06,
  "entropy_bonus": 0.05,
  "early_stop_patience": 6,
  "seed": 1425
}