{
  "lookback": 60,
  "horizon": 252,
  "stride": 5,
  "epochs": 50,
  "lr": 0.0045969284637437016,
  "hidden": 256,
  "n_layers": 2,
  "dropout": 0.35000000000000003,
  "batch_size": 128,
  "weight_decay": 6.760882923124818e-05,
  "entropy_bonus": 0.02,
  "early_stop_patience": 10,
  "seed": 9969
}