{
  "lookback": 60,
  "horizon": 252,
  "stride": 5,
  "epochs": 60,
  "lr": 0.003986095026876184,
  "hidden": 256,
  "n_layers": 2,
  "dropout": 0.1,
  "batch_size": 128,
  "weight_decay": 6.125163506594733e-05,
  "entropy_bonus": 0.02,
  "early_stop_patience": 10,
  "seed": 8425
}