{
  "lookback": 60,
  "horizon": 252,
  "stride": 5,
  "epochs": 40,
  "lr": 0.004662907601402999,
  "hidden": 256,
  "n_layers": 2,
  "dropout": 0.30000000000000004,
  "batch_size": 128,
  "weight_decay": 1.1302402536347923e-06,
  "entropy_bonus": 0.05,
  "early_stop_patience": 10,
  "seed": 5222
}