{
  "lookback": 60,
  "horizon": 252,
  "stride": 5,
  "epochs": 40,
  "lr": 0.0032360275649598175,
  "hidden": 256,
  "n_layers": 2,
  "dropout": 0.25,
  "batch_size": 128,
  "weight_decay": 1.6964607601321004e-05,
  "entropy_bonus": 0.05,
  "early_stop_patience": 10,
  "seed": 5088
}