{
  "lookback": 60,
  "horizon": 126,
  "stride": 5,
  "epochs": 50,
  "lr": 0.0008488762161408717,
  "hidden": 128,
  "n_layers": 3,
  "dropout": 0.25,
  "batch_size": 32,
  "weight_decay": 1.3667272915456224e-06,
  "entropy_bonus": 0.01,
  "early_stop_patience": 6,
  "seed": 8288
}