{
  "lookback": 60,
  "horizon": 252,
  "stride": 5,
  "epochs": 50,
  "lr": 0.0019767755229211596,
  "hidden": 128,
  "n_layers": 3,
  "dropout": 0.05,
  "batch_size": 32,
  "weight_decay": 7.129940862564024e-05,
  "entropy_bonus": 0.04,
  "early_stop_patience": 10,
  "seed": 5882
}