{
  "lookback": 60,
  "horizon": 63,
  "stride": 5,
  "epochs": 40,
  "lr": 0.003678733593522747,
  "hidden": 256,
  "n_layers": 2,
  "dropout": 0.25,
  "batch_size": 128,
  "weight_decay": 1.9547448523904544e-06,
  "entropy_bonus": 0.05,
  "early_stop_patience": 10,
  "seed": 4360
}