{
  "lookback": 60,
  "horizon": 252,
  "stride": 5,
  "epochs": 40,
  "lr": 0.0046643103255347065,
  "hidden": 256,
  "n_layers": 2,
  "dropout": 0.25,
  "batch_size": 128,
  "weight_decay": 1.137467596495654e-06,
  "entropy_bonus": 0.05,
  "early_stop_patience": 6,
  "seed": 733
}