{
  "lookback": 60,
  "horizon": 126,
  "stride": 10,
  "epochs": 60,
  "lr": 0.004367844242339189,
  "hidden": 256,
  "n_layers": 2,
  "dropout": 0.25,
  "batch_size": 32,
  "weight_decay": 2.1173938697024507e-06,
  "entropy_bonus": 0.0,
  "early_stop_patience": 6,
  "seed": 2429
}