{
  "lookback": 60,
  "horizon": 63,
  "stride": 5,
  "epochs": 50,
  "lr": 0.0004885931230750812,
  "hidden": 256,
  "n_layers": 2,
  "dropout": 0.4,
  "batch_size": 64,
  "weight_decay": 3.5459130509416244e-06,
  "entropy_bonus": 0.0,
  "early_stop_patience": 6,
  "seed": 8787
}