{
  "lookback": 60,
  "horizon": 126,
  "stride": 5,
  "epochs": 50,
  "lr": 0.0013603530419825842,
  "hidden": 64,
  "n_layers": 3,
  "dropout": 0.30000000000000004,
  "batch_size": 128,
  "weight_decay": 9.648628066386733e-06,
  "entropy_bonus": 0.04,
  "early_stop_patience": 6,
  "seed": 6033
}