{
  "lookback": 60,
  "horizon": 252,
  "stride": 10,
  "epochs": 60,
  "lr": 0.0012817316151050007,
  "hidden": 192,
  "n_layers": 1,
  "dropout": 0.1,
  "batch_size": 64,
  "weight_decay": 1.6276630177984866e-05,
  "entropy_bonus": 0.04,
  "early_stop_patience": 10,
  "seed": 2606
}