{
  "lookback": 60,
  "horizon": 252,
  "stride": 10,
  "epochs": 70,
  "lr": 0.0026727060775388013,
  "hidden": 64,
  "n_layers": 1,
  "dropout": 0.1,
  "batch_size": 128,
  "weight_decay": 6.9362007551723255e-06,
  "entropy_bonus": 0.05,
  "early_stop_patience": 6,
  "seed": 4735
}