{
  "lookback": 60,
  "horizon": 252,
  "stride": 10,
  "epochs": 30,
  "lr": 0.0003071359251941758,
  "hidden": 256,
  "n_layers": 2,
  "dropout": 0.4,
  "batch_size": 32,
  "weight_decay": 1.4833791751308054e-05,
  "entropy_bonus": 0.05,
  "early_stop_patience": 6,
  "seed": 1688
}